start_time,end_time,time_taken
1629918537.9456608,1629918539.39232,1.4466590881347656
1629918540.7051094,1629918542.1410017,1.4358923435211182
1629918543.4734035,1629918544.920191,1.4467875957489014

,Avg.,1.4431130091349285
,Std. Dev.,0.0062536099559829215
