start_time,end_time,time_taken
1627226455.7980433,1627226457.0970898,1.299046516418457
1627226457.6127841,1627226459.1183205,1.5055363178253174
1627226459.6240776,1627226460.9170842,1.2930066585540771
1627226461.4219906,1627226462.8964684,1.474477767944336
1627226463.4016674,1627226464.9485886,1.5469212532043457

,Avg.,1.4237977027893067
,Std. Dev.,0.11945525795460414
