start_time,end_time,time_taken
1628019610.6090786,1628019730.7286024,120.11952376365662
1628019731.2638397,1628019851.3596382,120.09579849243164
1628019851.8923473,1628019972.232675,120.34032773971558

,Avg.,120.18521666526794
,Std. Dev.,0.13485290573769165
