start_time,end_time,time_taken
1627991346.9236426,1627991366.9046154,19.98097276687622

,Avg.,19.98097276687622
,Std. Dev.,nan
