start_time,end_time,time_taken
1629971260.4781454,1629971274.011071,13.532925605773926
1629971274.781069,1629971288.170253,13.38918399810791
