start_time,end_time,time_taken
1628068560.3105454,1628068574.536767,14.226221561431885
1628068575.4514298,1628068589.478066,14.026636123657227
1628068590.3426175,1628068603.7648208,13.422203302383423

,Avg.,13.891686995824179
,Std. Dev.,0.41865235046277316
