start_time,end_time,time_taken
1627301404.3356133,1627301418.355764,14.020150661468506
1627301418.3567646,1627301431.6534224,13.296657800674438

,Avg.,13.658404231071472
,Std. Dev.,0.5115867080075399
