start_time,end_time,time_taken
1628510158.5282693,1628510160.5197978,1.9915285110473633
1628510161.8503232,1628510164.095331,2.2450077533721924

,Avg.,2.118268132209778
,Std. Dev.,0.17923689113791463
