start_time,end_time,time_taken
1627307088.7447038,1627307090.4741948,1.7294909954071045
1627307090.4751952,1627307092.1166961,1.6415009498596191
1627307092.1196978,1627307093.7543137,1.6346158981323242

,Avg.,1.6685359477996826
,Std. Dev.,0.05290075005081858
