start_time,end_time,time_taken
1630217549.8101397,1630217555.3594701,5.549330472946167
1630217556.2714772,1630217561.5807304,5.309253215789795
1630217562.4937696,1630217567.931051,5.437281370162964

,Avg.,5.431955019632976
,Std. Dev.,0.12012722363564361
