start_time,end_time,time_taken
1628177984.998912,1628177989.5903087,4.5913965702056885
1628177991.0815942,1628177995.4939897,4.412395477294922
1628177997.0819304,1628178001.7121055,4.6301751136779785

,Avg.,4.544655720392863
,Std. Dev.,0.11617023193014174
