start_time,end_time,time_taken
1630166585.2371764,1630167783.9315085,1198.6943321228027
1630167785.7139182,1630168987.2543254,1201.5404071807861
1630168988.679856,1630170198.0023081,1209.3224520683289

,Avg.,1203.185730457306
,Std. Dev.,5.5017769772425575
