start_time,end_time,time_taken
1628177043.3689463,1628177046.835349,3.466402769088745
1628177049.0379539,1628177052.6274261,3.5894722938537598
1628177054.9489644,1628177058.5542877,3.605323314666748

,Avg.,3.5537327925364175
,Std. Dev.,0.0760441546848391
