start_time,end_time,time_taken
1630216124.3949661,1630216128.7304764,4.33551025390625
1630216130.065577,1630216134.356997,4.291419982910156
1630216135.7417681,1630216139.9912884,4.249520301818848

,Avg.,4.292150179545085
,Std. Dev.,0.0429996262232904
