start_time,end_time,time_taken
1627990085.1786933,1627990085.7068713,0.5281779766082764

,Avg.,0.5281779766082764
,Std. Dev.,nan
