start_time,end_time,time_taken
1628590764.786702,1628590919.210749,154.42404699325562
1628590920.5669415,1628591076.2293494,155.66240787506104

,Avg.,155.04322743415833
,Std. Dev.,0.8756533770807651
