start_time,end_time,time_taken
1628251869.6799133,1628251870.8164856,1.1365723609924316
1628251871.631029,1628251872.8866148,1.2555859088897705
1628251873.624693,1628251874.5853114,0.9606184959411621

,Avg.,1.1175922552744548
,Std. Dev.,0.14839685638583427
