start_time,end_time,time_taken
1627120811.3063881,1627120818.8758416,7.569453477859497
1627120818.876841,1627120826.646879,7.770037889480591
1627120826.6478772,1627120834.4624543,7.814577102661133
1627120834.4624543,1627120842.2187245,7.756270170211792
1627120842.2187245,1627120849.985104,7.7663795948028564

,Avg.,7.735343647003174
,Std. Dev.,0.09539697139391617
