start_time,end_time,time_taken
1628007534.8322992,1628007535.774011,0.9417116641998291

,Avg.,0.9417116641998292
,Std. Dev.,nan
