start_time,end_time,time_taken
1628179159.162612,1628179159.337518,0.17490601539611816
1628179160.8774078,1628179161.0556881,0.17828035354614258
1628179162.5154526,1628179162.6826968,0.16724419593811035

,Avg.,0.17347685496012363
,Std. Dev.,0.0056551806647701965
