start_time,end_time,time_taken
1627396633.0898225,1627398597.0122802,1963.9224576950073

,Avg.,1963.9224576950076
,Std. Dev.,nan
