start_time,end_time,time_taken
1630221652.402224,1630221655.8531837,3.4509596824645996
1630221657.2414699,1630221660.842313,3.6008431911468506

,Avg.,3.525901436805725
,Std. Dev.,0.10598364537725212
