start_time,end_time,time_taken
1627134446.3840063,1627134453.3407605,6.956754207611084
1627134453.341761,1627134461.239935,7.898173809051514
1627134461.2409332,1627134468.2144158,6.973482608795166
1627134468.2144158,1627134475.640906,7.426490306854248
1627134475.640906,1627134483.3866835,7.745777368545532

,Avg.,7.400135660171509
,Std. Dev.,0.4320950978756424
