start_time,end_time,time_taken
1628439184.9912586,1628443545.2715507,4360.280292034149
1628443546.6718721,1628447912.7722385,4366.100366353989

,Avg.,4363.190329194069
,Std. Dev.,4.115414018568178
