start_time,end_time,time_taken
1627224548.801808,1627224551.486573,2.684764862060547
1627224551.9984674,1627224554.3973773,2.3989098072052
1627224554.9131713,1627224557.5341427,2.620971441268921
1627224558.0374732,1627224560.3904314,2.3529582023620605
1627224560.894403,1627224563.5587723,2.6643693447113037

,Avg.,2.5443947315216064
,Std. Dev.,0.156345356289582
