start_time,end_time,time_taken
1627041099.976081,1627041100.7596767,0.7835958003997803
1627041100.7596767,1627041101.5632682,0.8035914897918701
1627041101.5642686,1627041102.3276618,0.7633931636810303
1627041102.3276618,1627041103.0383463,0.7106845378875732
1627041103.0383463,1627041103.7652564,0.7269101142883301

,Avg.,0.7576350212097168
,Std. Dev.,0.03862474289535265
