start_time,end_time,time_taken
1630216158.7199433,1630216192.5139153,33.79397201538086
1630216193.882721,1630216227.4139698,33.531248807907104
1630216228.8397622,1630216262.0033545,33.16359233856201

,Avg.,33.49627105394999
,Std. Dev.,0.316642095575544
