start_time,end_time,time_taken
1628177078.9306064,1628177114.1247063,35.19409990310669
1628177116.3181417,1628177151.6522524,35.334110736846924
1628177153.984773,1628177190.4766412,36.49186825752258

,Avg.,35.673359632492065
,Std. Dev.,0.7122977153748075
