start_time,end_time,time_taken
1628178829.2904313,1628178833.142503,3.852071762084961
1628178835.3396854,1628178839.2641757,3.924490213394165
1628178841.4586349,1628178845.2822802,3.8236453533172607

,Avg.,3.8667357762654624
,Std. Dev.,0.05199708102285222
