start_time,end_time,time_taken
1627983822.9381213,1627983824.1546156,1.2164943218231201

,Avg.,1.21649432182312
,Std. Dev.,nan
