start_time,end_time,time_taken
1628577283.6696315,1628577285.5388355,1.869204044342041
1628577286.8937263,1628577288.708461,1.814734697341919

,Avg.,1.84196937084198
,Std. Dev.,0.03851564463058944
