start_time,end_time,time_taken
1627239483.3345547,1627239488.8324645,5.497909784317017
1627239489.3417318,1627239495.2301817,5.8884499073028564
1627239495.7405238,1627239500.879374,5.138850212097168

,Avg.,5.508403301239014
,Std. Dev.,0.3749100041158666
