start_time,end_time,time_taken
1627237536.695453,1627237539.1346755,2.439222574234009
1627237539.6370933,1627237542.2107666,2.5736732482910156
1627237542.712133,1627237545.152267,2.440134048461914

,Avg.,2.4843432903289795
,Std. Dev.,0.07736335526876682
