start_time,end_time,time_taken
1627280163.5183148,1627280166.983869,3.4655542373657227
1627280167.5329146,1627280170.8224268,3.2895121574401855

,Avg.,3.377533197402954
,Std. Dev.,0.12448054848953179
