start_time,end_time,time_taken
1627989975.4666524,1627989975.8593035,0.3926510810852051

,Avg.,0.3926510810852051
,Std. Dev.,nan
