start_time,end_time,time_taken
1628005769.7759945,1628005775.9444036,6.168409109115601

,Avg.,6.168409109115601
,Std. Dev.,nan
