start_time,end_time,time_taken
1628280918.7919862,1628280919.2857091,0.49372291564941406
1628280920.7778513,1628280921.267454,0.48960256576538086
1628280922.7557616,1628280923.2721043,0.5163426399230957

,Avg.,0.4998893737792969
,Std. Dev.,0.014397110678560528
