start_time,end_time,time_taken
1627147537.221761,1627147537.6813178,0.45955681800842285
1627147537.682318,1627147538.135319,0.4530010223388672
1627147538.135319,1627147538.5283456,0.39302659034729004
1627147538.5283456,1627147538.9613519,0.43300628662109375
1627147538.9623547,1627147539.4273927,0.4650380611419678

,Avg.,0.44072575569152833
,Std. Dev.,0.029288136902284708
