start_time,end_time,time_taken
1627320187.9738553,1627320191.8357034,3.8618481159210205
1627320192.403725,1627320195.9729452,3.5692203044891357
1627320196.5750058,1627320199.4506934,2.875687599182129

,Avg.,3.435585339864095
,Std. Dev.,0.5064798801743575
