start_time,end_time,time_taken
1627137345.302864,1627137353.5775487,8.27468466758728
1627137354.1244152,1627137362.3525784,8.228163242340088
1627137362.8909886,1627137371.2126062,8.321617603302002
1627137371.7730665,1627137380.030815,8.257748365402222
1627137380.5864532,1627137388.8099835,8.223530292510986

,Avg.,8.261148834228516
,Std. Dev.,0.039857427034998325
