start_time,end_time,time_taken
1630217693.5817075,1630217698.3990097,4.817302227020264
1630217699.3082173,1630217704.3988261,5.090608835220337
1630217705.2449317,1630217710.5081968,5.263265132904053

,Avg.,5.057058731714885
,Std. Dev.,0.22486648358525613
