start_time,end_time,time_taken
1628177597.6924915,1628177598.1613774,0.4688858985900879
1628177600.4432669,1628177600.9277716,0.48450469970703125
1628177603.1551955,1628177603.6306071,0.47541165351867676

,Avg.,0.47626741727193195
,Std. Dev.,0.007844487604917
