start_time,end_time,time_taken
1628179209.1668227,1628179213.770894,4.604071378707886
1628179215.3181093,1628179220.0760903,4.757981061935425
1628179221.5783954,1628179225.9138422,4.335446834564209

,Avg.,4.56583309173584
,Std. Dev.,0.21384671675750597
