start_time,end_time,time_taken
1628329518.108587,1628329520.186691,2.078104019165039
1628329521.5363488,1628329523.5127997,1.9764509201049805

,Avg.,2.0272774696350098
,Std. Dev.,0.0718795956739953
