start_time,end_time,time_taken
1627135287.8177726,1627135295.1007338,7.282961130142212
1627135295.645581,1627135303.0059547,7.3603737354278564
1627135303.5454473,1627135310.9068725,7.361425161361694
1627135311.451904,1627135318.8046293,7.352725267410278
1627135319.3489685,1627135326.6390884,7.290119886398315

,Avg.,7.329521036148071
,Std. Dev.,0.03946034102691736
