start_time,end_time,time_taken
1629923401.4185433,1629923401.8181527,0.3996093273162842
1629923403.110581,1629923403.5216799,0.4110989570617676
1629923404.884071,1629923405.2916315,0.4075603485107422

,Avg.,0.40608954429626465
,Std. Dev.,0.00588433060764501
