start_time,end_time,time_taken
1628370418.8756888,1628370419.3007646,0.4250757694244385
1628370420.664563,1628370421.0885904,0.4240274429321289
1628370422.4485903,1628370422.864515,0.4159247875213623

,Avg.,0.4216759999593099
,Std. Dev.,0.0050082013226728245
