start_time,end_time,time_taken
1627991013.3553824,1627991251.7922287,238.4368462562561

,Avg.,238.4368462562561
,Std. Dev.,nan
