start_time,end_time,time_taken
1628007564.5904725,1628007571.0905492,6.500076770782471

,Avg.,6.500076770782471
,Std. Dev.,nan
