start_time,end_time,time_taken
1628281056.2105315,1628281090.5335693,34.32303786277771
1628281092.026095,1628281128.0332694,36.007174491882324
1628281129.4955466,1628281166.21679,36.721243381500244

,Avg.,35.68381857872009
,Std. Dev.,1.2313678217496724
