start_time,end_time,time_taken
1628019572.4122708,1628019584.718269,12.3059983253479
1628019585.2593658,1628019597.3859117,12.126545906066895
1628019597.928968,1628019610.0639775,12.135009527206421

,Avg.,12.189184586207071
,Std. Dev.,0.10125213805023814
