start_time,end_time,time_taken
1628352085.4572592,1628354049.5666292,1964.1093699932098
1628354050.8943672,1628356017.9295824,1967.035215139389

,Avg.,1965.5722925662994
,Std. Dev.,2.068884943565218
