start_time,end_time,time_taken
1627037871.0711677,1627037871.3815029,0.3103351593017578
1627037871.3815029,1627037871.7592824,0.377779483795166
1627037871.7622848,1627037872.0792062,0.3169214725494385

,Avg.,0.3350120385487874
,Std. Dev.,0.037183809113989864
