start_time,end_time,time_taken
1627307087.3851678,1627307087.871346,0.4861781597137451
1627307087.8723466,1627307088.3132463,0.4408996105194092
1627307088.316246,1627307088.7357025,0.41945648193359375

,Avg.,0.44884475072224933
,Std. Dev.,0.03406302263572154
