start_time,end_time,time_taken
1627983739.074089,1627983739.5139468,0.43985772132873535

,Avg.,0.4398577213287353
,Std. Dev.,nan
