start_time,end_time,time_taken
1628522804.7467113,1628522983.6464026,178.8996913433075
1628522985.072218,1628523159.3298252,174.2576072216034

,Avg.,176.57864928245544
,Std. Dev.,3.282449161295369
