start_time,end_time,time_taken
1628014736.6416924,1628014855.864556,119.22286367416382
1628014856.4302557,1628014974.5294359,118.09918022155762
1628014975.0810008,1628015093.0925574,118.01155662536621

,Avg.,118.44453350702922
,Std. Dev.,0.6754760250787728
