start_time,end_time,time_taken
1628511030.2687132,1628512636.8034291,1606.5347158908844
1628512638.1318367,1628514332.551321,1694.4194843769073

,Avg.,1650.4771001338959
,Std. Dev.,62.14391575947646
