start_time,end_time,time_taken
1627230384.6881387,1627230396.3634565,11.675317764282227
1627230396.868313,1627230408.817871,11.949558019638062
1627230409.3229363,1627230420.8489428,11.52600646018982

,Avg.,11.716960748036703
,Std. Dev.,0.2148245434063367
