start_time,end_time,time_taken
1621549794.4543512,1621549794.784107,0.3297557830810547
