start_time,end_time,time_taken
1621682804.1805677,1621682804.5145693,0.3340015411376953
