start_time,end_time,time_taken
1621534318.6688738,1621534318.9938738,0.3250000476837158
