start_time,end_time,time_taken
1621532652.0028434,1621532652.3218431,0.3189997673034668
