start_time,end_time,time_taken
1620837599.424855,1620837599.7966478,0.3717927932739258
