start_time,end_time,time_taken
1621607672.8858883,1621607673.2124104,0.3265221118927002
