start_time,end_time,time_taken
1621533788.1404054,1621533788.466409,0.3260035514831543
