start_time,end_time,time_taken
1621592690.5414562,1621592690.8514583,0.31000208854675293
