start_time,end_time,time_taken
1621552514.7940938,1621552515.1185105,0.3244166374206543
