start_time,end_time,time_taken
1628598326.0001357,1628598333.1639125,7.163776874542236
1628598334.5985558,1628598342.0513418,7.452785968780518

,Avg.,7.308281421661377
,Std. Dev.,0.20436029036047063
