start_time,end_time,time_taken
1627638883.415815,1627638883.5900967,0.17428159713745117
1627638885.029073,1627638885.203885,0.17481207847595215
1627638886.5953443,1627638886.7800767,0.18473243713378906

,Avg.,0.17794203758239738
,Std. Dev.,0.00588663716932503
