start_time,end_time,time_taken
1627991644.989772,1627991664.890534,19.90076184272766

,Avg.,19.90076184272766
,Std. Dev.,nan
