start_time,end_time,time_taken
1629974897.9585767,1629976092.2623196,1194.3037428855896
1629976093.541537,1629977288.0633328,1194.5217957496643
