start_time,end_time,time_taken
1628072279.0508287,1628073502.6918037,1223.6409749984741
1628073504.037112,1628074723.878636,1219.841523885727
1628074725.3173041,1628075967.4559357,1242.1386315822601

,Avg.,1228.5403768221538
,Std. Dev.,11.928677905790916
