start_time,end_time,time_taken
1628012630.6541097,1628012658.7318463,28.077736616134644
1628012659.268834,1628012687.4232686,28.15443444252014
1628012687.9622614,1628012716.2270098,28.264748334884644
1628012716.7753017,1628012744.806554,28.03125238418579
1628012745.3437073,1628012773.3801343,28.03642702102661

,Avg.,28.112919759750366
,Std. Dev.,0.09815031586364172
