start_time,end_time,time_taken
1627990563.585524,1627990566.0804155,2.494891405105591

,Avg.,2.494891405105591
,Std. Dev.,nan
