start_time,end_time,time_taken
1627148153.8288045,1627148292.635587,138.80678248405457
1627148293.1736412,1627148428.6847763,135.51113510131836
1627148429.242776,1627148565.0511615,135.80838561058044
1627148565.599676,1627148701.9160395,136.31636357307434
1627148702.4610336,1627148838.713591,136.25255751609802

,Avg.,136.53904485702515
,Std. Dev.,1.3100340926928982
