start_time,end_time,time_taken
1628280912.9221697,1628280913.3972042,0.4750344753265381
1628280914.8811991,1628280915.3881857,0.5069866180419922
1628280916.8573096,1628280917.3052652,0.4479556083679199

,Avg.,0.4766589005788167
,Std. Dev.,0.029549011723495656
