start_time,end_time,time_taken
1630227756.0351787,1630230240.2577453,2484.2225666046143
1630230241.672815,1630232726.4508579,2484.778042793274

,Avg.,2484.500304698944
,Std. Dev.,0.39278097978890925
