start_time,end_time,time_taken
1628194607.3363743,1628197150.1801732,2542.8437988758087
1628197152.5804198,1628199664.7915363,2512.211116552353

,Avg.,2527.527457714081
,Std. Dev.,21.66057739684889
