start_time,end_time,time_taken
1627148079.7066252,1627148093.8707504,14.164125204086304
1627148094.4148016,1627148108.5818903,14.167088747024536
1627148109.1258903,1627148123.5052288,14.379338502883911
1627148124.0492299,1627148138.286152,14.236922025680542
1627148138.8370924,1627148153.262804,14.425711631774902

,Avg.,14.274637222290039
,Std. Dev.,0.12143707435734682
