start_time,end_time,time_taken
1628494439.982478,1628494734.466953,294.4844751358032
1628494735.8819666,1628495024.1201606,288.23819398880005

,Avg.,291.36133456230164
,Std. Dev.,4.416787756243631
