start_time,end_time,time_taken
1628007882.359814,1628007883.5237546,1.163940668106079

,Avg.,1.163940668106079
,Std. Dev.,nan
