start_time,end_time,time_taken
1628340741.2018273,1628340909.5857065,168.3838791847229
1628340910.822863,1628341078.5408473,167.71798419952393

,Avg.,168.0509316921234
,Std. Dev.,0.47085885959231066
