start_time,end_time,time_taken
1627037883.1028237,1627037917.994989,34.892165184020996
1627037917.9959905,1627037953.0562067,35.060216188430786
1627037953.0592089,1627037987.8414798,34.78227090835571

,Avg.,34.911550760269165
,Std. Dev.,0.13998301719800788
