start_time,end_time,time_taken
1629919590.5322669,1629919592.1202164,1.587949514389038
1629919592.8592427,1629919594.1009176,1.2416749000549316
1629919594.8629465,1629919596.355863,1.4929165840148926

,Avg.,1.4408469994862874
,Std. Dev.,0.1789132704910251
