start_time,end_time,time_taken
1627227248.519249,1627227249.664248,1.1449990272521973
1627227250.169247,1627227251.3231933,1.1539463996887207
1627227251.8299475,1627227252.8665655,1.0366179943084717
1627227253.382402,1627227254.3804147,0.9980127811431885
1627227254.88602,1627227256.074825,1.188805103302002

,Avg.,1.104476261138916
,Std. Dev.,0.08237105036389865
