start_time,end_time,time_taken
1629970535.4654164,1629970535.9044342,0.43901777267456055
1629970536.8398576,1629970537.2940621,0.4542045593261719
