start_time,end_time,time_taken
1628067668.7737732,1628067669.249843,0.47606968879699707
1628067670.116842,1628067670.57291,0.4560680389404297
1628067671.468903,1628067671.9373865,0.46848344802856445

,Avg.,0.4668737252553304
,Std. Dev.,0.010097519735122143
