start_time,end_time,time_taken
1627983789.1413465,1627983801.664687,12.523340463638306

,Avg.,12.523340463638306
,Std. Dev.,nan
