start_time,end_time,time_taken
1628251987.4357522,1628252045.6451862,58.209434032440186
1628252046.9337618,1628252105.6770685,58.7433066368103
1628252107.027592,1628252165.389411,58.36181902885437

,Avg.,58.43818656603495
,Std. Dev.,0.27500725440523144
