start_time,end_time,time_taken
1627990016.6357777,1627990019.4314578,2.795680046081543

,Avg.,2.795680046081543
,Std. Dev.,nan
