start_time,end_time,time_taken
1627627163.928823,1627627164.2946424,0.36581945419311523
1627627164.2946424,1627627164.693652,0.39900946617126465
1627627164.6946518,1627627165.0566924,0.36204051971435547
1627627165.057691,1627627165.4617038,0.40401268005371094
1627627165.4627035,1627627165.8264122,0.3637087345123291

,Avg.,0.378918170928955
,Std. Dev.,0.020743390389982897
