start_time,end_time,time_taken
1629919604.5984926,1629919615.755786,11.157293319702148
1629919617.0594094,1629919628.23598,11.176570653915405
1629919629.5074897,1629919640.6799126,11.172422885894775

,Avg.,11.16876228650411
,Std. Dev.,0.010146619856710573
