start_time,end_time,time_taken
1628431893.746462,1628435585.6388967,3691.8924345970154
1628435587.0093963,1628439183.4461591,3596.4367628097534

,Avg.,3644.1645987033844
,Std. Dev.,67.49735282349066
