start_time,end_time,time_taken
1627984290.0210023,1627984299.9497864,9.928784132003784

,Avg.,9.928784132003784
,Std. Dev.,nan
