start_time,end_time,time_taken
1628360782.6179338,1628360801.3615267,18.743592977523804
1628360802.7177975,1628360821.1378834,18.420085906982422

,Avg.,18.581839442253113
,Std. Dev.,0.22875404334160337
