start_time,end_time,time_taken
1630218948.3380263,1630218949.5840836,1.2460572719573975
1630218950.987507,1630218952.2002285,1.212721347808838
1630218953.6332877,1630218954.8399193,1.2066316604614258

,Avg.,1.2218034267425537
,Std. Dev.,0.021223991820025573
