start_time,end_time,time_taken
1628179174.3666346,1628179174.559381,0.19274640083312988
1628179176.0264297,1628179176.2063572,0.17992758750915527
1628179177.7224302,1628179177.8866892,0.1642589569091797

,Avg.,0.17897764841715488
,Std. Dev.,0.014267459603550078
