start_time,end_time,time_taken
1628178117.2134647,1628178117.3879075,0.17444276809692383
1628178118.8535087,1628178119.014175,0.16066622734069824
1628178120.4595761,1628178120.610384,0.15080785751342773

,Avg.,0.16197228431701657
,Std. Dev.,0.011871461080739235
