start_time,end_time,time_taken
1628067714.8811934,1628067727.6266947,12.745501279830933
1628067728.9928782,1628067741.640742,12.647863864898682
1628067743.0755358,1628067755.7831008,12.707565069198608

,Avg.,12.700310071309408
,Std. Dev.,0.04922136166790155
