start_time,end_time,time_taken
1629970578.9682136,1629970591.2373765,12.269162893295288
1629970592.5778291,1629970604.9171379,12.339308738708496
