start_time,end_time,time_taken
1627644191.631168,1627644218.0758395,26.444671630859375
1627644218.736146,1627644246.1279943,27.39184832572937
1627644246.8097303,1627644273.6203277,26.81059741973877

,Avg.,26.882372458775837
,Std. Dev.,0.4776501491654672
