start_time,end_time,time_taken
1628068144.7475255,1628068269.4882612,124.74073576927185
1628068270.8476965,1628068395.3407338,124.49303722381592
1628068396.821002,1628068522.1446705,125.32366847991943

,Avg.,124.8524804910024
,Std. Dev.,0.42644135942706846
