start_time,end_time,time_taken
1629970978.9115334,1629971100.1000857,121.18855237960815
1629971101.5155258,1629971222.6240191,121.10849332809448
