start_time,end_time,time_taken
1628177934.7746572,1628177934.907431,0.13277363777160645
1628177936.468015,1628177936.608871,0.14085602760314941
1628177938.1651182,1628177938.3411324,0.17601418495178223

,Avg.,0.14988128344217932
,Std. Dev.,0.022989729496673304
