start_time,end_time,time_taken
1628430041.2910874,1628430045.946999,4.655911684036255
1628430047.3676524,1628430051.9702284,4.602576017379761

,Avg.,4.629243850708008
,Std. Dev.,0.03771401157191224
