start_time,end_time,time_taken
1628577373.3953385,1628577536.7407813,163.34544277191162
1628577538.0879347,1628577698.9864604,160.89852571487427

,Avg.,162.12198424339294
,Std. Dev.,1.7302316440321428
