start_time,end_time,time_taken
1628176927.6386218,1628176932.0496392,4.411017417907715
1628176933.5576434,1628176937.6592903,4.101646900177002
1628176939.1802123,1628176943.6118152,4.431602954864502

,Avg.,4.314755757649739
,Std. Dev.,0.18484447498627465
