start_time,end_time,time_taken
1630217441.5279613,1630217447.2310052,5.7030439376831055
1630217448.2060041,1630217453.5587735,5.352769374847412
1630217454.4796927,1630217460.027008,5.547315359115601

,Avg.,5.534376223882039
,Std. Dev.,0.17549539383664264
