start_time,end_time,time_taken
1628598789.4673076,1628599502.3459315,712.8786239624023
1628599503.7963068,1628600207.7885978,703.9922909736633

,Avg.,708.4354574680328
,Std. Dev.,6.283586316219076
