start_time,end_time,time_taken
1628067757.1604917,1628067758.6183643,1.4578726291656494
1628067759.467118,1628067760.8266597,1.359541654586792
1628067761.6996682,1628067763.0695426,1.3698744773864746

,Avg.,1.3957629203796387
,Std. Dev.,0.054036133752006214
