start_time,end_time,time_taken
1626344850.0116725,1626344850.5190368,0.5073642730712891
1626344850.530041,1626344850.9993556,0.4693145751953125
1626344851.0073564,1626344851.3973846,0.3900282382965088
1626344851.4073863,1626344851.8380904,0.43070411682128906
1626344851.8490908,1626344852.3047702,0.45567941665649414
