start_time,end_time,time_taken
1628177955.2559414,1628177955.8371782,0.5812368392944336
1628177957.3797529,1628177957.9492533,0.5695004463195801
1628177959.576335,1628177960.1325867,0.5562517642974854

,Avg.,0.5689963499704996
,Std. Dev.,0.012500163118841659
