start_time,end_time,time_taken
1628064837.669296,1628064838.1063337,0.43703770637512207
1628064839.4754496,1628064839.8999028,0.4244532585144043
1628064841.238183,1628064841.6700535,0.4318704605102539

,Avg.,0.4311204751332601
,Std. Dev.,0.0063256573207105616
