start_time,end_time,time_taken
1629923397.9033291,1629923398.3038387,0.4005095958709717
1629923399.6350288,1629923400.0404112,0.4053823947906494

,Avg.,0.40294599533081055
,Std. Dev.,0.0034455891594626087
