start_time,end_time,time_taken
1628577700.2944264,1628577893.6479964,193.35356998443604
1628577894.9757564,1628578094.062285,199.0865285396576

,Avg.,196.2200492620468
,Std. Dev.,4.053813870658596
