start_time,end_time,time_taken
1628007838.9607787,1628007839.459023,0.4982442855834961

,Avg.,0.4982442855834961
,Std. Dev.,nan
