start_time,end_time,time_taken
1628329534.3465915,1628329553.7085583,19.361966848373413
1628329555.0653434,1628329574.8515353,19.786191940307617

,Avg.,19.574079394340515
,Std. Dev.,0.2999724392561623
