start_time,end_time,time_taken
1628178258.6722088,1628178262.3894107,3.7172019481658936
1628178264.6827433,1628178268.4806242,3.7978808879852295
1628178270.7241077,1628178274.4068048,3.682697057723999

,Avg.,3.732593297958374
,Std. Dev.,0.059114286976481877
