start_time,end_time,time_taken
1630218964.1410336,1630218967.832713,3.6916792392730713
1630218969.2290895,1630218972.9016263,3.672536849975586
1630218974.2966776,1630218977.9985185,3.701840877532959

,Avg.,3.688685655593872
,Std. Dev.,0.014879605680396766
