start_time,end_time,time_taken
1627147760.645327,1627147760.9605103,0.315183162689209
1627147760.96151,1627147761.2866066,0.32509660720825195
1627147761.2866066,1627147761.627658,0.3410513401031494
1627147761.6286604,1627147761.9846592,0.3559987545013428
1627147761.9856603,1627147762.327105,0.341444730758667

,Avg.,0.335754919052124
,Std. Dev.,0.015866912728356015
