start_time,end_time,time_taken
1628370457.468739,1628370458.9371805,1.4684414863586426
1628370459.6942902,1628370460.7834575,1.0891673564910889
1628370461.6294577,1628370463.04646,1.4170022010803223

,Avg.,1.3248703479766846
,Std. Dev.,0.20573873034489695
