start_time,end_time,time_taken
1627294746.7734907,1627294750.2247005,3.451209783554077
1627294750.7816,1627294754.0870283,3.3054282665252686

,Avg.,3.378319025039673
,Std. Dev.,0.10308309926273239
