start_time,end_time,time_taken
1627147539.435391,1627147540.8709497,1.435558795928955
1627147540.871947,1627147542.1677935,1.2958464622497559
1627147542.1687937,1627147543.695469,1.5266752243041992
1627147543.6964698,1627147545.0203083,1.323838472366333
1627147545.0203083,1627147546.3599682,1.3396599292755127

,Avg.,1.3843157768249512
,Std. Dev.,0.09535529349469016
