start_time,end_time,time_taken
1627280232.4707863,1627280528.6314385,296.16065216064453
1627280529.1748476,1627280822.8964722,293.7216246128082

,Avg.,294.9411383867264
,Std. Dev.,1.7246529185758468
