start_time,end_time,time_taken
1629986064.9844823,1629986065.8318033,0.8473210334777832
1629986066.6128023,1629986067.3226342,0.709831953048706
1629986068.0996342,1629986069.2238257,1.1241915225982666

,Avg.,0.8937815030415853
,Std. Dev.,0.211050692117773
