start_time,end_time,time_taken
1627147546.3669698,1627147559.9310024,13.564032554626465
1627147559.9320035,1627147572.8135204,12.881516933441162
1627147572.8145225,1627147584.0744457,11.259923219680786
1627147584.0744457,1627147595.7598307,11.68538498878479
1627147595.7598307,1627147607.835949,12.076118230819702

,Avg.,12.293395185470581
,Std. Dev.,0.9280835755336148
