start_time,end_time,time_taken
1628007927.1455636,1628007935.4045632,8.258999586105347

,Avg.,8.258999586105347
,Std. Dev.,nan
