start_time,end_time,time_taken
1627131494.8349893,1627131495.873506,1.0385167598724365
1627131496.4435427,1627131497.4775455,1.0340027809143066
1627131498.021052,1627131499.044577,1.0235249996185303
1627131499.5948067,1627131500.6212041,1.026397466659546
1627131501.1707542,1627131502.1961439,1.0253896713256836

,Avg.,1.0295663356781006
,Std. Dev.,0.006398752553165616
