start_time,end_time,time_taken
1628179423.4803696,1628179451.656193,28.1758234500885
1628179453.2082896,1628179480.935478,27.72718834877014
1628179482.4689283,1628179510.0624325,27.593504190444946

,Avg.,27.83217199643453
,Std. Dev.,0.3050247608730241
