start_time,end_time,time_taken
1630216682.364623,1630216683.666636,1.3020129203796387
1630216685.094456,1630216686.3925228,1.2980668544769287
1630216687.7875862,1630216689.075404,1.2878177165985107

,Avg.,1.2959658304850261
,Std. Dev.,0.007327119417469015
