start_time,end_time,time_taken
1627990026.8100939,1627990029.5554872,2.7453932762145996

,Avg.,2.7453932762146
,Std. Dev.,nan
