start_time,end_time,time_taken
1628590724.3902912,1628590742.7987745,18.408483266830444
1628590744.1101706,1628590763.5339313,19.423760652542114

,Avg.,18.91612195968628
,Std. Dev.,0.7179095242220718
