start_time,end_time,time_taken
1627294518.6396742,1627294528.2090278,9.569353580474854
1627294528.2090278,1627294537.4596856,9.250657796859741

,Avg.,9.410005688667297
,Std. Dev.,0.22535194972980777
