start_time,end_time,time_taken
1628014698.6501303,1628014710.777558,12.127427816390991
1628014711.3082569,1628014723.4039657,12.095708847045898
1628014723.9451396,1628014736.0965605,12.151420831680298

,Avg.,12.124852498372396
,Std. Dev.,0.027945133836655096
