start_time,end_time,time_taken
1628007862.1978865,1628007863.3259184,1.1280319690704346

,Avg.,1.1280319690704346
,Std. Dev.,nan
