start_time,end_time,time_taken
1627141292.076896,1627141292.6228983,0.5460023880004883
1627141292.6238983,1627141293.1722815,0.5483832359313965
1627141293.2042696,1627141293.735959,0.5316894054412842
1627141293.735959,1627141294.2308402,0.49488115310668945
1627141294.2318366,1627141294.7709978,0.539161205291748

,Avg.,0.5320234775543213
,Std. Dev.,0.021758117210720077
