start_time,end_time,time_taken
1626293528.189694,1626293529.0305877,0.8408937454223633
1626293529.0975883,1626293530.180142,1.0825536251068115
1626293530.249143,1626293531.2280054,0.9788625240325928
1626293531.297004,1626293532.3324416,1.0354375839233398
1626293532.4014409,1626293533.7786663,1.377225399017334

,Avg.,1.0629945755004884
,Std. Dev.,0.1976676095494337
