start_time,end_time,time_taken
1628177590.4127605,1628177590.6271033,0.21434283256530762
1628177592.8051333,1628177592.9583876,0.15325427055358887
1628177595.1883562,1628177595.3540165,0.16566038131713867

,Avg.,0.17775249481201164
,Std. Dev.,0.032289588240554744
