start_time,end_time,time_taken
1630216385.822009,1630216386.8346484,1.0126392841339111
1630216388.2599366,1630216389.2800293,1.0200927257537842
1630216390.691957,1630216391.6729393,0.9809823036193848

,Avg.,1.0045714378356934
,Std. Dev.,0.020765930939918863
