start_time,end_time,time_taken
1627983542.289306,1627983542.6818094,0.3925034999847412

,Avg.,0.3925034999847412
,Std. Dev.,nan
