start_time,end_time,time_taken
1627136931.5238101,1627136932.5668578,1.0430476665496826
1627136932.5678587,1627136933.516968,0.9491093158721924
1627136933.517969,1627136934.6837313,1.1657624244689941
1627136934.6849806,1627136935.806984,1.1220033168792725
1627136935.8079836,1627136936.8066576,0.9986739158630371

,Avg.,1.0557193279266357
,Std. Dev.,0.08843570404241506
