start_time,end_time,time_taken
1628522760.9952137,1628522781.5511045,20.555890798568726
1628522782.8965874,1628522803.4498675,20.553280115127563

,Avg.,20.554585456848145
,Std. Dev.,0.0018460319647796708
