start_time,end_time,time_taken
1627402906.6338902,1627405095.0121686,2188.378278493881

,Avg.,2188.378278493881
,Std. Dev.,nan
