start_time,end_time,time_taken
1628430227.2438715,1628430610.0774505,382.8335790634155
1628430611.3832605,1628430990.0338264,378.65056586265564

,Avg.,380.7420724630356
,Std. Dev.,2.9578370000501213
