start_time,end_time,time_taken
1628178820.9193459,1628178821.435154,0.51580810546875
1628178823.6758015,1628178824.207964,0.5321624279022217
1628178826.4548764,1628178826.9543126,0.4994361400604248

,Avg.,0.5158022244771322
,Std. Dev.,0.016363144713519535
