start_time,end_time,time_taken
1629919556.554976,1629919556.9918358,0.4368598461151123
1629919558.317757,1629919558.753634,0.43587708473205566
1629919560.0773027,1629919560.543135,0.4658322334289551

,Avg.,0.44618972142537433
,Std. Dev.,0.017018009970091015
