start_time,end_time,time_taken
1629923372.3662443,1629923372.6821856,0.31594133377075195
1629923373.5361853,1629923373.85462,0.3184347152709961
1629923374.6260147,1629923374.9480555,0.3220407962799072

,Avg.,0.31880561510721844
,Std. Dev.,0.0030666000295979517
