start_time,end_time,time_taken
1628064834.0195403,1628064834.3426743,0.3231339454650879
1628064835.2132978,1628064835.5556886,0.342390775680542
1628064836.5092707,1628064836.8297815,0.3205108642578125

,Avg.,0.32867852846781415
,Std. Dev.,0.011947360858039428
