start_time,end_time,time_taken
1629923486.022304,1629923495.6730392,9.650735139846802
1629923496.9927876,1629923506.6471865,9.654398918151855
1629923507.9312296,1629923517.634946,9.703716516494751

,Avg.,9.669616858164469
,Std. Dev.,0.02958793405340532
