start_time,end_time,time_taken
1628177944.9313726,1628177945.1214252,0.19005250930786133
1628177946.6274571,1628177946.8032367,0.1757795810699463
1628177948.2747254,1628177948.4461973,0.17147183418273926

,Avg.,0.17910130818684897
,Std. Dev.,0.009725521852615803
