start_time,end_time,time_taken
1628351139.8542464,1628351159.6002843,19.74603796005249
1628351160.843696,1628351180.4436839,19.599987745285034

,Avg.,19.673012852668762
,Std. Dev.,0.1032730972558173
