start_time,end_time,time_taken
1627147676.4803293,1627147676.7883787,0.30804944038391113
1627147676.7903829,1627147677.1203823,0.3299994468688965
1627147677.1213822,1627147677.4529798,0.33159756660461426
1627147677.45398,1627147677.8135579,0.35957789421081543
1627147677.8145595,1627147678.1395571,0.3249976634979248

,Avg.,0.3308444023132324
,Std. Dev.,0.018578814594282008
