start_time,end_time,time_taken
1628531959.5728965,1628532908.8832886,949.3103921413422
1628532910.2593606,1628533827.0401907,916.7808301448822

,Avg.,933.0456111431122
,Std. Dev.,23.001873876725046
