start_time,end_time,time_taken
1627627088.8577309,1627627089.2378685,0.38013768196105957
1627627089.2387688,1627627089.5657587,0.32698988914489746
1627627089.5677583,1627627089.8775012,0.30974292755126953
1627627089.8785007,1627627090.1888158,0.3103151321411133
1627627090.1897972,1627627090.500442,0.31064486503601074

,Avg.,0.3275660991668701
,Std. Dev.,0.03027248259455275
