start_time,end_time,time_taken
1628014692.3835468,1628014693.9856946,1.6021478176116943
1628014694.517159,1628014696.053536,1.536376953125
1628014696.5889482,1628014698.109647,1.5206987857818604

,Avg.,1.5530745188395183
,Std. Dev.,0.04321565366967528
