start_time,end_time,time_taken
1628363671.2027314,1628365438.353316,1767.1505846977234
1628365439.80639,1628367214.9359899,1775.1295998096466

,Avg.,1771.140092253685
,Std. Dev.,5.642015692830847
