start_time,end_time,time_taken
1630217903.2771835,1630217905.5469866,2.269803047180176
1630217906.362023,1630217908.2389662,1.8769431114196777
1630217909.0924797,1630217911.1866357,2.09415602684021

,Avg.,2.080300728480021
,Std. Dev.,0.1967961108633072
