start_time,end_time,time_taken
1628257810.4287705,1628257816.5804234,6.151652812957764
1628257817.883046,1628257823.9769275,6.093881607055664
1628257825.2709596,1628257831.408693,6.137733459472656

,Avg.,6.127755959828694
,Std. Dev.,0.030150305673485922
