start_time,end_time,time_taken
1628188423.5400252,1628188426.1630645,2.6230392456054688
1628188428.3973694,1628188431.091758,2.6943886280059814

,Avg.,2.658713936805725
,Std. Dev.,0.050451632128874324
