start_time,end_time,time_taken
1630221642.458731,1630221645.94255,3.483819007873535
1630221647.4456134,1630221650.9432786,3.4976651668548584

,Avg.,3.4907420873641968
,Std. Dev.,0.009790712909080684
