start_time,end_time,time_taken
1628007189.9225333,1628007190.8689854,0.9464521408081055

,Avg.,0.9464521408081056
,Std. Dev.,nan
