start_time,end_time,time_taken
1627394404.2311056,1627396291.9665148,1887.7354092597961

,Avg.,1887.735409259796
,Std. Dev.,nan
