start_time,end_time,time_taken
1628006761.5340033,1628006761.978065,0.4440617561340332

,Avg.,0.4440617561340332
,Std. Dev.,nan
