start_time,end_time,time_taken
1628360750.3919451,1628360752.186817,1.7948718070983887
1628360753.4703283,1628360755.3373284,1.8670001029968262

,Avg.,1.8309359550476076
,Std. Dev.,0.051002407145215
