start_time,end_time,time_taken
1628594519.27891,1628596353.8623462,1834.5834362506866
1628596355.1718946,1628598198.4448123,1843.2729177474976

,Avg.,1838.928176999092
,Std. Dev.,6.144391291390188
