start_time,end_time,time_taken
1628430053.3882165,1628430093.3139875,39.9257709980011
1628430094.7401907,1628430133.0735765,38.333385705947876

,Avg.,39.12957835197449
,Std. Dev.,1.1259864382725497
