start_time,end_time,time_taken
1627419929.7454097,1627420643.9082942,714.1628844738007

,Avg.,714.1628844738007
,Std. Dev.,nan
