start_time,end_time,time_taken
1628005698.9258878,1628005699.8566177,0.930729866027832

,Avg.,0.930729866027832
,Std. Dev.,nan
