start_time,end_time,time_taken
1627141294.7820063,1627141297.524117,2.7421107292175293
1627141297.52512,1627141300.1752408,2.650120735168457
1627141300.177243,1627141302.9877381,2.810495138168335
1627141302.9887433,1627141305.7742634,2.785520076751709
1627141305.7752657,1627141308.4909883,2.7157225608825684

,Avg.,2.7407938480377196
,Std. Dev.,0.06267101083018393
