start_time,end_time,time_taken
1628361053.5064127,1628361235.2835672,181.7771544456482
1628361236.588325,1628361413.3666582,176.77833318710327

,Avg.,179.27774381637573
,Std. Dev.,3.5347004098565864
