start_time,end_time,time_taken
1627375406.408048,1627375406.6589668,0.2509188652038574
1627375407.8587406,1627375408.103875,0.2451343536376953
1627375409.2928336,1627375409.5432315,0.2503979206085205

,Avg.,0.24881704648335776
,Std. Dev.,0.0031999243373043444
