start_time,end_time,time_taken
1627983690.8409472,1627983692.459011,1.6180639266967773

,Avg.,1.6180639266967771
,Std. Dev.,nan
