start_time,end_time,time_taken
1628415593.008372,1628415597.756017,4.747644901275635
1628415599.0940614,1628415603.68018,4.586118698120117

,Avg.,4.666881799697876
,Std. Dev.,0.1142162735905824
