start_time,end_time,time_taken
1628598343.4581182,1628598356.8101914,13.352073192596436
1628598358.214758,1628598371.8887804,13.674022436141968

,Avg.,13.513047814369202
,Std. Dev.,0.22765249330892515
