start_time,end_time,time_taken
1628585586.2852516,1628585728.9756703,142.69041872024536
1628585730.2512445,1628585874.213397,143.9621524810791

,Avg.,143.32628560066223
,Std. Dev.,0.8992515661494087
