start_time,end_time,time_taken
1627990533.9004674,1627990535.7303271,1.829859733581543

,Avg.,1.829859733581543
,Std. Dev.,nan
