start_time,end_time,time_taken
1628179410.2801151,1628179413.0294228,2.749307632446289
1628179414.5623608,1628179417.5625727,3.0002119541168213
1628179419.0100384,1628179421.972494,2.9624555110931396

,Avg.,2.90399169921875
,Std. Dev.,0.13528398882499187
