start_time,end_time,time_taken
1628234491.2554612,1628234521.8589404,30.603479146957397
1628234522.5989769,1628234551.257475,28.65849804878235
1628234552.025412,1628234583.1172907,31.091878652572632

,Avg.,30.117951949437458
,Std. Dev.,1.2872986387681633
