start_time,end_time,time_taken
1627375410.7597394,1627375412.4709826,1.7112431526184082
1627375413.6711392,1627375415.371996,1.7008566856384277
1627375416.5897722,1627375418.2587621,1.668989896774292

,Avg.,1.6936965783437092
,Std. Dev.,0.022017828224213977
