start_time,end_time,time_taken
1628005781.9295223,1628005788.1320891,6.202566862106323

,Avg.,6.202566862106323
,Std. Dev.,nan
