start_time,end_time,time_taken
1628005675.1310027,1628005675.5830579,0.4520552158355713

,Avg.,0.4520552158355713
,Std. Dev.,nan
