start_time,end_time,time_taken
1628179179.382972,1628179179.9515274,0.5685553550720215
1628179181.3987339,1628179181.9308975,0.5321636199951172
1628179183.3821156,1628179183.8959644,0.5138487815856934

,Avg.,0.5381892522176107
,Std. Dev.,0.02784660622794668
