start_time,end_time,time_taken
1627991265.4749823,1627991279.599817,14.124834775924683

,Avg.,14.124834775924684
,Std. Dev.,nan
