start_time,end_time,time_taken
1628006266.6993666,1628006325.2677796,58.5684130191803

,Avg.,58.5684130191803
,Std. Dev.,nan
