start_time,end_time,time_taken
1628005756.4108548,1628005762.6686244,6.257769584655762

,Avg.,6.257769584655762
,Std. Dev.,nan
