start_time,end_time,time_taken
1627991302.6716542,1627991316.6716204,13.999966144561768

,Avg.,13.999966144561768
,Std. Dev.,nan
