start_time,end_time,time_taken
1627041240.6163704,1627041302.6881902,62.07181978225708
1627041303.2259982,1627041364.5950484,61.36905026435852
1627041365.1426225,1627041428.23994,63.0973174571991
1627041428.777213,1627041491.0594037,62.282190561294556
1627041491.5921214,1627041553.1441498,61.55202841758728

,Avg.,62.074481296539304
,Std. Dev.,0.6818969837456412
