start_time,end_time,time_taken
1627136852.189072,1627136852.6208606,0.43178868293762207
1627136852.6218603,1627136853.016738,0.39487767219543457
1627136853.0197392,1627136853.4721086,0.45236945152282715
1627136853.4732146,1627136853.8497875,0.376572847366333
1627136853.8507895,1627136854.2807264,0.42993688583374023

,Avg.,0.41710910797119133
,Std. Dev.,0.030662512918635382
