start_time,end_time,time_taken
1628099431.5716677,1628104216.4518263,4784.880158662796
