start_time,end_time,time_taken
1628005708.579766,1628005709.5052426,0.9254765510559082

,Avg.,0.9254765510559082
,Std. Dev.,nan
