start_time,end_time,time_taken
1627983862.25273,1627983984.253639,122.00090909004211

,Avg.,122.00090909004211
,Std. Dev.,nan
