start_time,end_time,time_taken
1628178412.5110085,1628178448.5963502,36.085341691970825
1628178450.858791,1628178486.340847,35.48205590248108
1628178488.5836332,1628178524.4342942,35.85066103935242

,Avg.,35.80601954460144
,Std. Dev.,0.3041103142615647
