start_time,end_time,time_taken
1628430030.2832198,1628430034.466216,4.1829962730407715
1628430035.7942584,1628430039.8759072,4.081648826599121

,Avg.,4.132322549819946
,Std. Dev.,0.07166346663483206
