start_time,end_time,time_taken
1627983993.1890664,1627984115.2431529,122.05408644676208

,Avg.,122.05408644676208
,Std. Dev.,nan
