start_time,end_time,time_taken
1628068604.657077,1628069835.170478,1230.5134010314941
1628069836.5308619,1628071056.6094697,1220.0786077976227
1628071058.0046716,1628072277.5910757,1219.5864040851593

,Avg.,1223.3928043047588
,Std. Dev.,6.1715265074562256
