start_time,end_time,time_taken
1628531374.3962388,1628531384.291077,9.894838094711304
1628531385.6276846,1628531395.664725,10.03704047203064

,Avg.,9.965939283370972
,Std. Dev.,0.10055226530335054
