start_time,end_time,time_taken
1628178234.190467,1628178234.373122,0.18265509605407715
1628178236.7417629,1628178236.916762,0.17499923706054688
1628178239.1671488,1628178239.3422248,0.17507600784301758

,Avg.,0.17757678031921378
,Std. Dev.,0.004398117945835517
