start_time,end_time,time_taken
1630216675.1454864,1630216676.1288366,0.9833502769470215
1630216677.4815683,1630216678.4720745,0.9905061721801758
1630216679.9179082,1630216680.9182389,1.0003306865692139

,Avg.,0.9913957118988037
,Std. Dev.,0.008525082897991344
