start_time,end_time,time_taken
1628006100.4872146,1628006100.8809967,0.3937821388244629

,Avg.,0.3937821388244629
,Std. Dev.,nan
