start_time,end_time,time_taken
1628244140.875652,1628244153.587302,12.711649894714355
1628244154.4093094,1628244166.9582198,12.54891037940979
1628244167.875484,1628244180.2731807,12.397696733474731

,Avg.,12.552752335866293
,Std. Dev.,0.15701183820065473
