start_time,end_time,time_taken
1627983743.5573897,1627983743.9897,0.4323103427886963

,Avg.,0.4323103427886963
,Std. Dev.,nan
