start_time,end_time,time_taken
1628007603.2369769,1628007665.716011,62.479034185409546

,Avg.,62.479034185409546
,Std. Dev.,nan
