start_time,end_time,time_taken
1627983770.2545574,1627983782.7532718,12.498714447021484

,Avg.,12.498714447021484
,Std. Dev.,nan
