start_time,end_time,time_taken
1628005641.2194598,1628005641.7013848,0.48192501068115234

,Avg.,0.4819250106811523
,Std. Dev.,nan
