start_time,end_time,time_taken
1627659711.3042264,1627662222.6181235,2511.3138971328735
1627662224.0490077,1627664716.3169158,2492.2679080963135
