start_time,end_time,time_taken
1628177605.897397,1628177606.3920271,0.4946300983428955
1628177608.6636431,1628177609.1416218,0.4779787063598633
1628177611.4390888,1628177611.97439,0.5353012084960938

,Avg.,0.5026366710662842
,Std. Dev.,0.029488069076674388
