start_time,end_time,time_taken
1630222275.6723042,1630222525.591764,249.9194598197937
1630222527.0219905,1630222778.590424,251.5684335231781

,Avg.,250.7439466714859
,Std. Dev.,1.1660004876614034
