start_time,end_time,time_taken
1628189063.9471564,1628189322.9487853,259.0016288757324
1628189325.7083085,1628189583.1659305,257.457622051239

,Avg.,258.2296254634857
,Std. Dev.,1.0917776957975964
