start_time,end_time,time_taken
1627147678.1515565,1627147678.5912433,0.43968677520751953
1627147678.5922444,1627147679.0262406,0.43399620056152344
1627147679.0282414,1627147679.4774363,0.44919490814208984
1627147679.4784353,1627147679.9006236,0.42218828201293945
1627147679.9006236,1627147680.3637283,0.4631047248840332

,Avg.,0.4416341781616211
,Std. Dev.,0.01547920356080531
