start_time,end_time,time_taken
1628005663.255276,1628005663.713167,0.45789098739624023

,Avg.,0.4578909873962402
,Std. Dev.,nan
