start_time,end_time,time_taken
1627643082.5149841,1627643083.0393019,0.524317741394043
1627643083.67663,1627643084.2164638,0.5398337841033936
1627643084.8495238,1627643085.3916185,0.5420947074890137

,Avg.,0.5354154109954834
,Std. Dev.,0.009677119745872851
