start_time,end_time,time_taken
1626361723.229118,1626361723.983249,0.7541308403015137
1626361723.9862475,1626361724.75504,0.7687923908233643
1626361724.7590396,1626361725.5292547,0.7702150344848633
1626361725.532252,1626361726.279226,0.746973991394043
