start_time,end_time,time_taken
1628007581.8982692,1628007588.4343688,6.536099672317505

,Avg.,6.536099672317505
,Std. Dev.,nan
