start_time,end_time,time_taken
1628581337.6348228,1628583323.5678492,1985.9330263137817
1628583324.9153001,1628585245.2951908,1920.379890680313

,Avg.,1953.1564584970474
,Std. Dev.,46.35306673446701
