start_time,end_time,time_taken
1628068523.5021052,1628068535.3454409,11.843335628509521
1628068536.1434422,1628068547.8604903,11.717048168182373
1628068548.7465029,1628068559.4529712,10.706468343734741

,Avg.,11.422284046808876
,Std. Dev.,0.6231221559490655
