start_time,end_time,time_taken
1628178984.7230983,1628179022.6732547,37.950156450271606
1628179024.8863592,1628179062.6679418,37.78158259391785
1628179064.834832,1628179102.320534,37.48570203781128

,Avg.,37.73914702733358
,Std. Dev.,0.2351171161293088
