start_time,end_time,time_taken
1628006115.5365627,1628006116.4685059,0.9319431781768799

,Avg.,0.93194317817688
,Std. Dev.,nan
