start_time,end_time,time_taken
1628585389.0488303,1628585402.9118748,13.863044500350952
1628585404.2507362,1628585418.477737,14.227000713348389

,Avg.,14.04502260684967
,Std. Dev.,0.25735590626546284
