start_time,end_time,time_taken
1627026840.314851,1627026898.0709186,57.756067514419556
1627026898.6052015,1627026955.7982473,57.19304585456848
1627026956.3332472,1627027014.24922,57.91597270965576
1627027014.784366,1627027072.2462652,57.461899280548096
1627027072.7880666,1627027130.4943056,57.706238985061646

,Avg.,57.60664486885071
,Std. Dev.,0.28281851868205554
