start_time,end_time,time_taken
1628493822.811792,1628493847.246704,24.43491220474243
1628493848.5049028,1628493874.5615227,26.056619882583618

,Avg.,25.245766043663025
,Std. Dev.,1.1467204961037896
