start_time,end_time,time_taken
1628006778.9240208,1628006779.388352,0.46433115005493164

,Avg.,0.4643311500549316
,Std. Dev.,nan
