start_time,end_time,time_taken
1628430134.4939523,1628430180.8641098,46.37015748023987
1628430182.1630478,1628430225.9067352,43.74368739128113

,Avg.,45.0569224357605
,Std. Dev.,1.85719481048636
