start_time,end_time,time_taken
1627408765.6680148,1627411706.647926,2940.979911327362

,Avg.,2940.979911327362
,Std. Dev.,nan
