start_time,end_time,time_taken
1628280902.8862114,1628280903.0481753,0.16196393966674805
1628280904.5473146,1628280904.7152948,0.16798019409179688
1628280906.197586,1628280906.364374,0.16678786277770996

,Avg.,0.16557733217875156
,Std. Dev.,0.00318557178148455
