start_time,end_time,time_taken
1628178276.6887188,1628178280.5804942,3.891775369644165
1628178282.934067,1628178286.8568485,3.922781467437744
1628178289.2522151,1628178293.0100205,3.757805347442627

,Avg.,3.8574540615081787
,Std. Dev.,0.08767978208392638
