start_time,end_time,time_taken
1630216715.9896932,1630216720.3893812,4.399688005447388
1630216721.7760673,1630216726.1718414,4.3957741260528564
1630216727.5827446,1630216732.0119174,4.42917275428772

,Avg.,4.408211628595988
,Std. Dev.,0.018258044957694085
