start_time,end_time,time_taken
1627644428.5104725,1627644456.0153577,27.50488519668579
1627644456.6736445,1627644484.395914,27.722269535064697
1627644485.0460198,1627644513.029327,27.983307123184204

,Avg.,27.736820618311565
,Std. Dev.,0.23954265894899843
