start_time,end_time,time_taken
1627135274.884655,1627135275.3156767,0.43102169036865234
1627135275.8706877,1627135276.333738,0.46305036544799805
1627135276.8797476,1627135277.2997496,0.4200019836425781
1627135277.8427992,1627135278.268535,0.4257357120513916
1627135278.8128464,1627135279.236858,0.4240114688873291

,Avg.,0.43276424407958985
,Std. Dev.,0.017386577211150767
