start_time,end_time,time_taken
1627280171.373875,1627280201.3308127,29.956937789916992
1627280201.877593,1627280231.9187603,30.04116725921631

,Avg.,29.99905252456665
,Std. Dev.,0.05955922891729075
