start_time,end_time,time_taken
1627038002.3330803,1627038012.45616,10.123079776763916
1627038012.9992461,1627038022.9783819,9.979135751724243
1627038023.5249922,1627038033.711401,10.186408758163452

,Avg.,10.096208095550537
,Std. Dev.,0.10621718428772337
