start_time,end_time,time_taken
1627030469.0418725,1627030469.3453367,0.3034641742706299
1627030469.346336,1627030469.6427734,0.29643750190734863
1627030469.6427734,1627030469.9439197,0.3011462688446045
1627030469.944916,1627030470.2780168,0.3331007957458496
1627030470.2790172,1627030470.580869,0.301851749420166

,Avg.,0.30720009803771975
,Std. Dev.,0.014713008058018033
