start_time,end_time,time_taken
1627301343.1199856,1627301345.5777307,2.45774507522583
1627301345.578731,1627301348.157764,2.5790328979492188

,Avg.,2.5183889865875244
,Std. Dev.,0.08576344192305996
