start_time,end_time,time_taken
1628176218.8404806,1628176238.2656257,19.425145149230957

,Avg.,19.42514514923096
,Std. Dev.,nan
