start_time,end_time,time_taken
1627134441.5532982,1627134442.5258794,0.972581148147583
1627134442.5258794,1627134443.5448384,1.0189590454101562
1627134443.5458398,1627134444.4512532,0.9054133892059326
1627134444.4522533,1627134445.431908,0.9796545505523682
1627134445.4329088,1627134446.3739066,0.940997838973999

,Avg.,0.9635211944580078
,Std. Dev.,0.04271867809105706
