start_time,end_time,time_taken
1628188497.7556362,1628188523.5970433,25.84140706062317
1628188525.916631,1628188550.6555774,24.738946437835693

,Avg.,25.29017674922943
,Std. Dev.,0.7795573823641684
