start_time,end_time,time_taken
1630221717.631472,1630221743.7095325,26.078060388565063
1630221745.1184874,1630221771.3842266,26.26573920249939

,Avg.,26.171899795532227
,Std. Dev.,0.13270896201801033
