start_time,end_time,time_taken
1628176898.5106096,1628176899.03546,0.5248503684997559
1628176900.5116515,1628176901.0617812,0.5501296520233154
1628176902.5295973,1628176903.0517118,0.5221145153045654

,Avg.,0.5323648452758789
,Std. Dev.,0.015445468340478805
