start_time,end_time,time_taken
1630217410.9489791,1630217412.133276,1.1842968463897705
1630217412.9722738,1630217414.207894,1.2356202602386475
1630217415.1039045,1630217416.3764007,1.272496223449707

,Avg.,1.230804443359375
,Std. Dev.,0.044296462585642536
