start_time,end_time,time_taken
1628499993.2893095,1628502786.2944345,2793.0051250457764
1628502787.5469544,1628505643.2970273,2855.750072956085

,Avg.,2824.377599000931
,Std. Dev.,44.36737815257607
