start_time,end_time,time_taken
1627041103.7722578,1627041108.5758533,4.803595542907715
1627041108.5768547,1627041113.3688064,4.791951656341553
1627041113.3698077,1627041117.8347366,4.464928865432739
1627041117.835737,1627041122.4031856,4.567448616027832
1627041122.4031856,1627041127.166624,4.76343846321106

,Avg.,4.67827262878418
,Std. Dev.,0.15303553233547282
