start_time,end_time,time_taken
1628177614.2426145,1628177618.0478597,3.8052451610565186
1628177620.3924463,1628177624.025706,3.6332597732543945
1628177626.315076,1628177629.8615608,3.5464847087860107

,Avg.,3.661663214365641
,Std. Dev.,0.13169779616618324
