start_time,end_time,time_taken
1627232571.916688,1627232589.3144164,17.397728443145752
1627232589.8174002,1627232607.461673,17.644272804260254
1627232607.9692461,1627232625.8332624,17.86401629447937

,Avg.,17.63533918062846
,Std. Dev.,0.23327226002833368
