start_time,end_time,time_taken
1627208803.1691754,1627208862.6548872,59.48571181297302
