start_time,end_time,time_taken
1627137330.9489818,1627137331.4204707,0.47148895263671875
1627137331.9628808,1627137332.45891,0.4960291385650635
1627137333.0060778,1627137333.46424,0.4581623077392578
1627137334.0185935,1627137335.4157133,1.3971197605133057
1627137335.9707558,1627137336.3887231,0.4179673194885254

,Avg.,0.6481534957885742
,Std. Dev.,0.419638229270006
