start_time,end_time,time_taken
1627990065.040894,1627990065.5471578,0.5062637329101562

,Avg.,0.5062637329101562
,Std. Dev.,nan
