start_time,end_time,time_taken
1630218639.7191305,1630218644.0931802,4.374049663543701
1630218644.968305,1630218649.4799044,4.51159930229187
1630218650.4100924,1630218654.9256723,4.51557993888855

,Avg.,4.467076301574707
,Std. Dev.,0.0805880134042436
