start_time,end_time,time_taken
1627137336.9567516,1627137338.098449,1.1416974067687988
1627137338.6468165,1627137339.7948847,1.1480681896209717
1627137340.3489263,1627137341.3985748,1.0496485233306885
1627137341.9496124,1627137343.0670466,1.1174342632293701
1627137343.6096852,1627137344.7469778,1.1372926235198975

,Avg.,1.1188282012939452
,Std. Dev.,0.04033200736072328
