start_time,end_time,time_taken
1627983816.9057465,1627983818.251666,1.3459196090698242

,Avg.,1.3459196090698242
,Std. Dev.,nan
