start_time,end_time,time_taken
1628006185.0004845,1628006243.4511852,58.450700759887695

,Avg.,58.450700759887695
,Std. Dev.,nan
