start_time,end_time,time_taken
1630217912.0676293,1630217914.5472972,2.479667901992798
1630217915.3662646,1630217918.0709188,2.7046542167663574
1630217918.9256222,1630217921.4633682,2.537745952606201

,Avg.,2.5740226904551187
,Std. Dev.,0.11679773859354524
