start_time,end_time,time_taken
1627983670.4939084,1627983672.110147,1.6162385940551758

,Avg.,1.6162385940551758
,Std. Dev.,nan
