start_time,end_time,time_taken
1628007507.3523443,1628007507.7420335,0.38968920707702637

,Avg.,0.3896892070770263
,Std. Dev.,nan
