start_time,end_time,time_taken
1628533828.403881,1628535419.724639,1591.3207578659058
1628535421.062735,1628536984.1620777,1563.09934258461

,Avg.,1577.2100502252579
,Std. Dev.,19.9555541200859
