start_time,end_time,time_taken
1628370412.0009234,1628370412.3690143,0.3680908679962158
1628370413.20402,1628370413.5055983,0.3015782833099365
1628370414.3372307,1628370414.6507213,0.313490629196167

,Avg.,0.32771992683410645
,Std. Dev.,0.03546597896384887
