start_time,end_time,time_taken
1628179164.2543259,1628179164.3828504,0.1285245418548584
1628179165.8949075,1628179166.0559068,0.16099929809570312
1628179167.598282,1628179167.7504156,0.15213346481323242

,Avg.,0.1472191015879313
,Std. Dev.,0.01678587717869442
