start_time,end_time,time_taken
1630217665.9919684,1630217666.876416,0.8844475746154785
1630217667.741583,1630217668.5695662,0.8279831409454346
