start_time,end_time,time_taken
1627134512.008312,1627134519.2309847,7.222672700881958
1627134519.7827778,1627134527.0131493,7.230371475219727
1627134527.5597627,1627134534.79865,7.238887310028076
1627134535.3546536,1627134542.5487921,7.194138526916504
1627134543.094831,1627134550.2877836,7.192952632904053

,Avg.,7.215804529190064
,Std. Dev.,0.021117571407601923
