start_time,end_time,time_taken
1628064873.9802032,1628064876.9331508,2.9529476165771484
1628064877.7092004,1628064880.6351404,2.9259400367736816
1628064881.4701405,1628064884.3838332,2.9136927127838135

,Avg.,2.9308601220448813
,Std. Dev.,0.020084628382494647
