start_time,end_time,time_taken
1629923431.1150231,1629923433.8972461,2.7822229862213135
1629923434.6122434,1629923437.3501866,2.737943172454834
1629923438.1707125,1629923440.9675603,2.7968478202819824

,Avg.,2.7723379929860434
,Std. Dev.,0.03067122759780075
