start_time,end_time,time_taken
1627983550.7897234,1627983551.1130676,0.32334423065185547

,Avg.,0.3233442306518554
,Std. Dev.,nan
