start_time,end_time,time_taken
1628007214.0017633,1628007220.2381992,6.236435890197754

,Avg.,6.236435890197754
,Std. Dev.,nan
