start_time,end_time,time_taken
1628370415.4777377,1628370415.7903528,0.31261515617370605
1628370416.5999477,1628370416.913044,0.313096284866333
1628370417.7040422,1628370418.0216868,0.3176445960998535

,Avg.,0.3144520123799642
,Std. Dev.,0.002775304363685917
