start_time,end_time,time_taken
1628012773.9229052,1628013052.7107697,278.78786444664
1628013053.2523627,1628013332.6491463,279.3967835903168
1628013333.1939933,1628013609.3835776,276.1895842552185
