start_time,end_time,time_taken
1628493814.6463776,1628493817.4356554,2.7892777919769287
1628493818.7228909,1628493821.5299308,2.807039976119995

,Avg.,2.798158884048462
,Std. Dev.,0.01255976085624642
