start_time,end_time,time_taken
1628415617.8159852,1628415663.3268158,45.51083064079285
1628415664.6376667,1628415709.5436015,44.90593481063843

,Avg.,45.20838272571564
,Std. Dev.,0.4277259434136557
