start_time,end_time,time_taken
1628577296.873767,1628577313.2858803,16.412113428115845
1628577314.5489874,1628577331.2951155,16.74612808227539

,Avg.,16.579120755195618
,Std. Dev.,0.23618402697189436
