start_time,end_time,time_taken
1628415817.3353553,1628416283.6518638,466.31650853157043
1628416284.9297526,1628416731.2117348,446.2819821834564

,Avg.,456.2992453575134
,Std. Dev.,14.166549438611936
