start_time,end_time,time_taken
1627198077.5614038,1627199417.0049691,1339.4435653686523

,Avg.,1339.4435653686523
,Std. Dev.,nan
