start_time,end_time,time_taken
1627642810.9540823,1627642815.7186484,4.76456618309021
1627642816.446693,1627642821.0630083,4.6163153648376465
1627642821.8558643,1627642826.4504447,4.594580411911011

,Avg.,4.658487319946289
,Std. Dev.,0.09250754536312568
