start_time,end_time,time_taken
1628280907.9110637,1628280908.1061625,0.195098876953125
1628280909.5432317,1628280909.703489,0.16025733947753906
1628280911.2621372,1628280911.4326189,0.17048168182373047

,Avg.,0.17527929941813147
,Std. Dev.,0.01790938397467221
