start_time,end_time,time_taken
1628007521.5262485,1628007522.4864798,0.9602313041687012

,Avg.,0.9602313041687012
,Std. Dev.,nan
