start_time,end_time,time_taken
1628341079.847716,1628342210.0377634,1130.1900472640991
1628342211.3454597,1628343377.9158006,1166.570340871811

,Avg.,1148.380194067955
,Std. Dev.,25.724752311570615
