start_time,end_time,time_taken
1630217614.8137453,1630217616.1328146,1.3190693855285645
1630217616.963534,1630217618.2289233,1.2653892040252686
1630217619.1159723,1630217620.2893946,1.1734223365783691

,Avg.,1.2526269753774006
,Std. Dev.,0.07365746110897721
