start_time,end_time,time_taken
1628178133.8562574,1628178134.4582355,0.601978063583374
1628178135.9861772,1628178136.5953505,0.6091732978820801
1628178138.142481,1628178138.7569752,0.6144940853118896

,Avg.,0.6085484822591146
,Std. Dev.,0.006281360990995115
