start_time,end_time,time_taken
1627624961.7328875,1627624962.2129161,0.4800286293029785
1627624962.7464337,1627624963.1353328,0.3888990879058838
1627624963.6773112,1627624964.070825,0.39351391792297363
1627624964.609319,1627624965.0107665,0.4014475345611572
1627624965.556749,1627624965.9493885,0.3926393985748291

,Avg.,0.41130571365356444
,Std. Dev.,0.038688044088932616
