start_time,end_time,time_taken
1630216969.4733853,1630216970.5011604,1.0277750492095947
1630216971.934951,1630216972.9340932,0.9991421699523926
1630216974.285418,1630216975.3167198,1.031301736831665

,Avg.,1.0194063186645508
,Std. Dev.,0.017637635149510923
