start_time,end_time,time_taken
1628178805.3044298,1628178805.4813182,0.17688846588134766
1628178807.7149158,1628178807.8723598,0.15744400024414062
1628178810.091594,1628178810.2435832,0.15198922157287598

,Avg.,0.162107229232788
,Std. Dev.,0.01308825313911912
