start_time,end_time,time_taken
1627642786.0339942,1627642790.5588892,4.524894952774048
1627642791.229888,1627642795.6720784,4.442190408706665
1627642796.3470924,1627642800.725677,4.378584623336792

,Avg.,4.448556661605835
,Std. Dev.,0.07336262677270851
