start_time,end_time,time_taken
1628177764.2518916,1628177799.0147135,34.7628219127655
1628177801.2755804,1628177835.7985861,34.52300572395325
1628177837.9848251,1628177872.5883574,34.60353231430054

,Avg.,34.62978665033976
,Std. Dev.,0.12204474066814312
