start_time,end_time,time_taken
1627131502.7585814,1627131509.8497188,7.091137409210205
1627131510.3847096,1627131517.4562917,7.071582078933716
1627131518.0031142,1627131525.0945003,7.091386079788208
1627131525.6494973,1627131532.698411,7.0489137172698975
1627131533.237977,1627131540.3616822,7.123705148696899

,Avg.,7.085344886779785
,Std. Dev.,0.02765051543410873
