start_time,end_time,time_taken
1628178250.1061263,1628178250.593126,0.4869997501373291
1628178252.891151,1628178253.395907,0.504755973815918
1628178255.7735748,1628178256.291602,0.5180270671844482

,Avg.,0.5032609303792318
,Std. Dev.,0.015567593485950113
