start_time,end_time,time_taken
1628257893.6595643,1628257952.202059,58.542494773864746
1628257953.573279,1628258011.7495484,58.17626953125
1628258013.1378944,1628258071.6315875,58.493693113327026

,Avg.,58.40415247281393
,Std. Dev.,0.19885516540859705
