start_time,end_time,time_taken
1627320010.5238194,1627320010.773633,0.24981355667114258
1627320011.3655295,1627320011.5934849,0.22795534133911133
1627320012.179456,1627320012.4077392,0.22828316688537598

,Avg.,0.23535068829854322
,Std. Dev.,0.012526283909026851
