start_time,end_time,time_taken
1627627162.3005612,1627627162.663982,0.3634207248687744
1627627162.664982,1627627162.9766045,0.31162238121032715
1627627162.9776046,1627627163.2935948,0.3159902095794678
1627627163.294596,1627627163.6083684,0.31377243995666504
1627627163.6095943,1627627163.9208093,0.3112149238586426

,Avg.,0.32320413589477537
,Std. Dev.,0.022562412862287846
