start_time,end_time,time_taken
1628370582.6279564,1628370661.3546906,78.72673416137695
1628370662.7207427,1628370742.131684,79.41094136238098
1628370743.4988678,1628370822.4670544,78.96818661689758

,Avg.,79.0352873802185
,Std. Dev.,0.3470039737598542
