start_time,end_time,time_taken
1627989984.4302313,1627989984.7655904,0.3353590965270996

,Avg.,0.3353590965270996
,Std. Dev.,nan
