start_time,end_time,time_taken
1627238501.237806,1627238529.6392887,28.401482582092285
1627238530.1447062,1627238558.2077656,28.063059329986572
1627238558.7117305,1627238586.2961144,27.584383964538574

,Avg.,28.016308625539143
,Std. Dev.,0.4105505559328788
