start_time,end_time,time_taken
1628257756.1312943,1628257756.4602723,0.3289780616760254
1628257757.2372684,1628257757.5715725,0.3343040943145752
1628257758.3695896,1628257758.7378883,0.3682987689971924

,Avg.,0.34386030832926434
,Std. Dev.,0.021331207789999248
