start_time,end_time,time_taken
1627638581.4149392,1627638581.903473,0.48853373527526855
1627638583.2828648,1627638583.781917,0.4990522861480713
1627638585.174582,1627638585.6367104,0.4621284008026123

,Avg.,0.48323814074198407
,Std. Dev.,0.01902303388912674
