start_time,end_time,time_taken
1628007671.2828963,1628007733.3439953,62.0610990524292

,Avg.,62.0610990524292
,Std. Dev.,nan
