start_time,end_time,time_taken
1628019566.103305,1628019567.69692,1.5936148166656494
1628019568.2401597,1628019569.7850957,1.544935941696167
1628019570.3271587,1628019571.8662217,1.5390629768371582

,Avg.,1.5592045783996582
,Std. Dev.,0.029944470310902183
