start_time,end_time,time_taken
1628179391.0468433,1628179391.4298716,0.3830282688140869
1628179392.9705389,1628179393.405901,0.4353621006011963
1628179394.954428,1628179395.3394508,0.3850228786468506

,Avg.,0.4011377493540446
,Std. Dev.,0.02965593162948265
