start_time,end_time,time_taken
1628351231.516321,1628351424.4508908,192.93456983566284
1628351425.8007898,1628351624.2052457,198.40445590019226

,Avg.,195.66951286792755
,Std. Dev.,3.867793528546529
