start_time,end_time,time_taken
1628171080.467347,1628175925.4493413,4844.981994390488

,Avg.,4844.981994390488
,Std. Dev.,nan
