start_time,end_time,time_taken
1628007501.1704514,1628007501.6339636,0.4635121822357178

,Avg.,0.4635121822357178
,Std. Dev.,nan
