start_time,end_time,time_taken
1627991682.6523106,1627991704.320951,21.66864037513733

,Avg.,21.66864037513733
,Std. Dev.,nan
