start_time,end_time,time_taken
1627983729.8149626,1627983730.3185248,0.5035622119903564

,Avg.,0.5035622119903564
,Std. Dev.,nan
