start_time,end_time,time_taken
1628179169.2756429,1628179169.4290001,0.15335726737976074
1628179170.9984305,1628179171.1940045,0.19557404518127441
1628179172.6420867,1628179172.8136656,0.17157888412475586

,Avg.,0.1735033988952636
,Std. Dev.,0.021174085572038807
