start_time,end_time,time_taken
1628330023.0903811,1628330250.6602893,227.56990814208984
1628330252.023997,1628330486.9700701,234.94607305526733

,Avg.,231.2579905986786
,Std. Dev.,5.215736229258085
