start_time,end_time,time_taken
1628007851.8976767,1628007852.3240588,0.42638206481933594

,Avg.,0.4263820648193359
,Std. Dev.,nan
