start_time,end_time,time_taken
1628177939.8465643,1628177940.015561,0.16899681091308594
1628177941.5505974,1628177941.6905274,0.13993000984191895
1628177943.193878,1628177943.3707924,0.17691445350646973

,Avg.,0.1619470914204915
,Std. Dev.,0.019473987187714852
