start_time,end_time,time_taken
1628280954.4230835,1628280986.5753086,32.15222501754761
1628280988.0383847,1628281020.0332355,31.994850873947144
1628281021.5783923,1628281054.6556551,33.07726287841797

,Avg.,32.40811292330424
,Std. Dev.,0.5848186916387197
