start_time,end_time,time_taken
1626426258.6558774,1626426259.3134103,0.6575329303741455
1626426259.3154116,1626426259.9616363,0.6462247371673584
1626426259.9626381,1626426260.6299624,0.6673243045806885
1626426260.6299624,1626426261.2823026,0.6523401737213135
1626426261.2823026,1626426261.9423878,0.6600852012634277

,Avg.,0.6567014694213867
,Std. Dev.,0.007965055150822516
