start_time,end_time,time_taken
1629923441.746558,1629923444.9491854,3.202627420425415
1629923445.6791935,1629923448.791889,3.1126954555511475
1629923449.5459478,1629923452.5821567,3.0362088680267334

,Avg.,3.1171772480010986
,Std. Dev.,0.08329975085972056
