start_time,end_time,time_taken
1627990059.362445,1627990059.8059423,0.4434971809387207

,Avg.,0.4434971809387207
,Std. Dev.,nan
