start_time,end_time,time_taken
1628493936.2340534,1628494185.5822248,249.34817147254944
1628494186.848428,1628494438.6949785,251.84655046463013

,Avg.,250.59736096858978
,Std. Dev.,1.7666207272742664
