start_time,end_time,time_taken
1628176253.4945018,1628176289.3653946,35.87089276313782

,Avg.,35.87089276313782
,Std. Dev.,nan
