start_time,end_time,time_taken
1627627098.535676,1627627108.3906448,9.854968786239624
1627627108.3916433,1627627118.362121,9.970477819442749
1627627118.3641205,1627627128.68461,10.320489406585693
1627627128.6856086,1627627138.731436,10.045827388763428
1627627138.731436,1627627148.48755,9.75611400604248

,Avg.,9.989575481414795
,Std. Dev.,0.2154392295487098
