start_time,end_time,time_taken
1628577332.6404696,1628577351.5691378,18.92866826057434
1628577352.871503,1628577372.111154,19.23965096473694

,Avg.,19.08415961265564
,Std. Dev.,0.2198979789451028
