start_time,end_time,time_taken
1628233800.6570506,1628233922.9743056,122.3172550201416
1628233946.4111521,1628234062.6510797,116.2399275302887

,Avg.,119.27859127521515
,Std. Dev.,4.297319479566409
