start_time,end_time,time_taken
1628007870.3426397,1628007871.4853613,1.1427216529846191

,Avg.,1.1427216529846191
,Std. Dev.,nan
