start_time,end_time,time_taken
1628510165.4360757,1628510167.9130752,2.476999521255493
1628510169.175669,1628510171.3182538,2.142584800720215

,Avg.,2.309792160987854
,Std. Dev.,0.2364669166190995
