start_time,end_time,time_taken
1627026748.5735836,1627026749.5782745,1.0046908855438232
1627026749.5792758,1627026750.6534266,1.074150800704956
1627026750.6554258,1627026751.6399126,0.9844868183135986
1627026751.6409106,1627026752.6613884,1.0204777717590332
1627026752.6624136,1627026753.7189267,1.0565130710601807

,Avg.,1.0280638694763184
,Std. Dev.,0.03686518325383584
