start_time,end_time,time_taken
1628177583.232049,1628177583.3992095,0.1671605110168457
1628177585.563473,1628177585.7413185,0.17784547805786133
1628177587.9411018,1628177588.1017392,0.16063737869262695

,Avg.,0.16854778925577799
,Std. Dev.,0.008687524194217039
