start_time,end_time,time_taken
1629986051.7846684,1629986053.222687,1.438018560409546
1629986054.671687,1629986056.0998247,1.4281377792358398
1629986057.4731195,1629986058.8944364,1.4213168621063232

,Avg.,1.4291577339172363
,Std. Dev.,0.008397434859351073
