start_time,end_time,time_taken
1628177035.0559,1628177035.569819,0.5139188766479492
1628177037.9341004,1628177038.4217682,0.4876677989959717
1628177040.6512785,1628177041.091249,0.4399704933166504

,Avg.,0.48051905632019043
,Std. Dev.,0.037488921573067165
