start_time,end_time,time_taken
1627294754.6462142,1627294784.5440955,29.897881269454956
1627294785.0900285,1627294814.9446363,29.854607820510864

,Avg.,29.87624454498291
,Std. Dev.,0.030598949193699668
