start_time,end_time,time_taken
1627365608.833785,1627368447.4543135,2838.620528459549
1627368448.0067534,1627371259.5088239,2811.502070426941

,Avg.,2825.061299443245
,Std. Dev.,19.175645570179938
