start_time,end_time,time_taken
1627120804.2132995,1627120804.5826802,0.3693807125091553
1627120804.5836775,1627120804.9166768,0.33299922943115234
1627120804.9176762,1627120805.2576783,0.34000205993652344
1627120805.2586787,1627120805.5896616,0.33098292350769043
1627120805.590662,1627120805.9494607,0.3587987422943115

,Avg.,0.3464327335357666
,Std. Dev.,0.016882217989291546
