start_time,end_time,time_taken
1628598320.3138256,1628598321.8878424,1.574016809463501
1628598323.1789737,1628598324.673982,1.4950082302093506

,Avg.,1.5345125198364258
,Std. Dev.,0.05586750216252452
