start_time,end_time,time_taken
1628590678.1814508,1628590680.258045,2.076594114303589
1628590681.6123261,1628590683.3580205,1.7456943988800049

,Avg.,1.9111442565917969
,Std. Dev.,0.23398143266871504
