start_time,end_time,time_taken
1628243965.3299804,1628243993.4696681,28.13968777656555
1628243994.9269614,1628244022.6291747,27.702213287353516
1628244024.045805,1628244051.4371717,27.391366720199585

,Avg.,27.74442259470622
,Std. Dev.,0.37594191050023285
