start_time,end_time,time_taken
1628522723.297808,1628522741.081146,17.78333806991577
1628522742.4342263,1628522759.6963801,17.26215386390686

,Avg.,17.522745966911316
,Std. Dev.,0.36853288631622766
