start_time,end_time,time_taken
1627313276.671552,1627313278.278592,1.6070401668548584
1627313279.438634,1627313281.125404,1.686769962310791
1627313282.3025112,1627313283.9566305,1.6541192531585693

,Avg.,1.649309794108073
,Std. Dev.,0.04008189420586325
