start_time,end_time,time_taken
1627230767.912917,1627230769.70244,1.7895231246948242
1627230770.2073896,1627230772.2263882,2.018998622894287
1627230772.732311,1627230774.7769449,2.0446338653564453

,Avg.,1.9510518709818523
,Std. Dev.,0.14047399517995388
