start_time,end_time,time_taken
1628585368.94776,1628585377.7098546,8.762094497680664
1628585379.0377886,1628585387.6998365,8.662047863006592

,Avg.,8.712071180343628
,Std. Dev.,0.07074365381292967
