start_time,end_time,time_taken
1627326689.911673,1627326690.16893,0.25725698471069336
1627326691.3885086,1627326691.644686,0.2561774253845215
1627326692.8569489,1627326693.1126945,0.25574564933776855

,Avg.,0.2563933531443278
,Std. Dev.,0.0007784614636927495
