start_time,end_time,time_taken
1627120694.552505,1627120694.9132934,0.36078834533691406
1627120694.9152927,1627120695.2403238,0.325031042098999
1627120695.2433252,1627120695.568842,0.3255167007446289
1627120695.569843,1627120695.8998442,0.3300011157989502
1627120695.9008446,1627120696.207278,0.30643343925476074

,Avg.,0.3295541286468506
,Std. Dev.,0.019666605602559322
