start_time,end_time,time_taken
1628064830.4034655,1628064830.7892864,0.3858208656311035
1628064831.7022843,1628064832.0143132,0.3120288848876953
1628064832.8742144,1628064833.1932533,0.31903886795043945

,Avg.,0.3389628728230794
,Std. Dev.,0.04073129734163422
