start_time,end_time,time_taken
1628007526.6542919,1628007527.6107,0.9564080238342285

,Avg.,0.9564080238342284
,Std. Dev.,nan
