start_time,end_time,time_taken
1627983839.7265844,1627983841.3427725,1.6161880493164062

,Avg.,1.6161880493164062
,Std. Dev.,nan
