start_time,end_time,time_taken
1628531629.872883,1628531794.9190674,165.04618430137634
1628531796.2352967,1628531958.3017087,162.0664119720459

,Avg.,163.55629813671112
,Std. Dev.,2.1070172204615916
