start_time,end_time,time_taken
1627315410.000002,1627315412.3768501,2.3768482208251953
1627315413.5368152,1627315415.1878848,1.6510696411132812
1627315416.3583255,1627315418.3821042,2.0237786769866943

,Avg.,2.0172321796417236
,Std. Dev.,0.3629335740363197
