start_time,end_time,time_taken
1628514333.8851256,1628516504.2207801,2170.3356544971466
1628516505.5436375,1628518759.6455479,2254.101910352707

,Avg.,2212.2187824249268
,Std. Dev.,59.231687550074035
