start_time,end_time,time_taken
1628065486.556659,1628065587.448235,100.89157605171204
1628065588.8000925,1628065690.1432884,101.34319591522217
1628065691.4598386,1628065792.2836027,100.82376408576965

,Avg.,101.01951201756795
,Std. Dev.,0.28236158535060923
