start_time,end_time,time_taken
1628007897.711007,1628007906.079101,8.368093967437744

,Avg.,8.368093967437744
,Std. Dev.,nan
