start_time,end_time,time_taken
1629986021.4762695,1629986021.8312218,0.354952335357666
1629986022.8232207,1629986023.1302538,0.30703306198120117
1629986023.971577,1629986024.2700858,0.298508882522583

,Avg.,0.3201647599538167
,Std. Dev.,0.030426911784135396
