start_time,end_time,time_taken
1627983827.856684,1627983829.1781192,1.3214352130889893

,Avg.,1.3214352130889893
,Std. Dev.,nan
