start_time,end_time,time_taken
1627041098.2354338,1627041098.5948403,0.3594064712524414
1627041098.5958388,1627041098.9198017,0.323962926864624
1627041098.920803,1627041099.2336862,0.3128831386566162
1627041099.2336862,1627041099.601839,0.3681528568267822
1627041099.6028388,1627041099.968082,0.36524319648742676

,Avg.,0.3459297180175781
,Std. Dev.,0.0256081898418734
