start_time,end_time,time_taken
1630217887.2749767,1630217888.0774724,0.8024957180023193
1630217888.9344623,1630217889.7331157,0.7986533641815186
1630217890.611205,1630217891.3950045,0.783799409866333

,Avg.,0.7949828306833903
,Std. Dev.,0.009873833936197144
