start_time,end_time,time_taken
1627643124.318292,1627643124.4709003,0.15260839462280273
1627643125.131219,1627643125.2804003,0.14918136596679688
1627643125.9241924,1627643126.1027505,0.1785581111907959

,Avg.,0.1601159572601318
,Std. Dev.,0.01606302937038974
