start_time,end_time,time_taken
1627642754.448594,1627642754.6376925,0.18909835815429688
1627642755.3627298,1627642755.554337,0.19160723686218262
1627642756.238636,1627642756.4206367,0.18200063705444336

,Avg.,0.18756874402364088
,Std. Dev.,0.004982617736495623
