start_time,end_time,time_taken
1628577289.995171,1628577292.0684328,2.0732617378234863
1628577293.3363082,1628577295.5566998,2.2203915119171143

,Avg.,2.1468266248703003
,Std. Dev.,0.10403646097604913
