start_time,end_time,time_taken
1628360744.6616478,1628360746.2176585,1.5560107231140137
1628360747.4765005,1628360749.020736,1.5442354679107666

,Avg.,1.5501230955123901
,Std. Dev.,0.008326362804418182
