start_time,end_time,time_taken
1627135791.670537,1627135803.8148468,12.144309759140015
1627135803.8168442,1627135816.1274385,12.310594320297241
1627135816.1304393,1627135827.9697468,11.8393075466156
1627135827.970748,1627135841.3282783,13.357530355453491
1627135841.3292775,1627135854.6689,13.339622497558594

,Avg.,12.598272895812988
,Std. Dev.,0.7055035463375015
