start_time,end_time,time_taken
1628510209.3231115,1628510232.459685,23.136573553085327
1628510233.7386422,1628510256.782426,23.04378390312195

,Avg.,23.090178728103638
,Std. Dev.,0.0656121907130313
