start_time,end_time,time_taken
1629918554.5156958,1629918556.0115728,1.4958770275115967
1629918556.757586,1629918558.0724158,1.3148298263549805
1629918558.8772638,1629918560.3326137,1.4553499221801758

,Avg.,1.4220189253489177
,Std. Dev.,0.09501441350650482
