start_time,end_time,time_taken
1628006126.9135785,1628006127.827488,0.9139094352722168

,Avg.,0.9139094352722168
,Std. Dev.,nan
