start_time,end_time,time_taken
1627301348.1657653,1627301370.8066802,22.640914916992188
1627301370.807682,1627301392.912619,22.104937076568604

,Avg.,22.372925996780396
,Std. Dev.,0.37899356552923746
