start_time,end_time,time_taken
1628176883.0069642,1628176883.135941,0.12897682189941406
1628176884.6828396,1628176884.8434215,0.1605818271636963
1628176886.3730235,1628176886.3978434,0.02481985092163086

,Avg.,0.10479283332824703
,Std. Dev.,0.07103856365169231
