start_time,end_time,time_taken
1628006766.9821413,1628006767.383884,0.40174269676208496

,Avg.,0.4017426967620849
,Std. Dev.,nan
