start_time,end_time,time_taken
1627983716.2992148,1627983716.7460814,0.446866512298584

,Avg.,0.446866512298584
,Std. Dev.,nan
