start_time,end_time,time_taken
1628598373.2597117,1628598442.5670424,69.30733060836792
1628598443.85357,1628598515.0780156,71.22444558143616

,Avg.,70.26588809490204
,Std. Dev.,1.355604997770816
