start_time,end_time,time_taken
1627983576.2817793,1627983576.6072717,0.32549238204956055

,Avg.,0.3254923820495605
,Std. Dev.,nan
