start_time,end_time,time_taken
1627030472.2429876,1627030473.0463893,0.8034017086029053
1627030473.0463893,1627030473.7953153,0.7489259243011475
1627030473.7953153,1627030474.5654445,0.7701292037963867
1627030474.5654445,1627030475.3754013,0.8099567890167236
1627030475.3754013,1627030476.0921276,0.7167263031005859

,Avg.,0.7698279857635498
,Std. Dev.,0.03871140440214377
