start_time,end_time,time_taken
1627293890.135022,1627293908.3999424,18.264920473098755
1627293908.4029434,1627293926.236394,17.83345055580139

,Avg.,18.049185514450073
,Std. Dev.,0.30509530439896443
