start_time,end_time,time_taken
1628007511.7029638,1628007512.0919642,0.38900041580200195

,Avg.,0.3890004158020019
,Std. Dev.,nan
