start_time,end_time,time_taken
1628591077.5475392,1628591264.4364607,186.88892149925232
1628591265.7541943,1628591454.4192097,188.66501545906067

,Avg.,187.7769684791565
,Std. Dev.,1.2558880830049515
