start_time,end_time,time_taken
1627984374.5096586,1627985593.8997784,1219.3901197910309

,Avg.,1219.3901197910309
,Std. Dev.,nan
