start_time,end_time,time_taken
1627990055.5125027,1627990055.9448535,0.43235087394714355

,Avg.,0.4323508739471435
,Std. Dev.,nan
