start_time,end_time,time_taken
1627398787.5501707,1627400909.9169326,2122.3667619228363

,Avg.,2122.3667619228363
,Std. Dev.,nan
