start_time,end_time,time_taken
1629986107.0478392,1629986118.0752368,11.027397632598877
1629986119.3968923,1629986130.3324466,10.935554265975952
1629986131.637878,1629986142.4159606,10.778082609176636

,Avg.,10.913678169250488
,Std. Dev.,0.12608892866530494
