start_time,end_time,time_taken
1628370424.2775767,1628370424.719121,0.4415442943572998
1628370426.0637217,1628370426.5007234,0.43700170516967773
1628370427.8667428,1628370428.2935345,0.4267916679382324

,Avg.,0.43511255582173664
,Std. Dev.,0.007555571487932649
