start_time,end_time,time_taken
1629986070.017299,1629986080.9452894,10.927990436553955
1629986082.3717017,1629986093.2849214,10.913219690322876
1629986094.651396,1629986105.6698225,11.018426418304443

,Avg.,10.95321218172709
,Std. Dev.,0.05695802160653761
