start_time,end_time,time_taken
1627147769.3777168,1627147777.253291,7.875574111938477
1627147777.2542913,1627147784.9118931,7.657601833343506
1627147784.9118931,1627147792.39719,7.485296964645386
1627147792.3981888,1627147799.7130246,7.314835786819458
1627147799.7130246,1627147807.137323,7.424298286437988

,Avg.,7.5515213966369625
,Std. Dev.,0.21957612256466227
