start_time,end_time,time_taken
1628251875.449339,1628251876.8227923,1.3734533786773682
1628251877.6150954,1628251878.9852695,1.3701741695404053
1628251879.787286,1628251881.4572978,1.6700117588043213

,Avg.,1.4712131023406982
,Std. Dev.,0.17217249391801
