start_time,end_time,time_taken
1628251840.3058221,1628251840.7040257,0.39820361137390137
1628251842.2036018,1628251842.6179724,0.4143705368041992
1628251844.0547917,1628251844.4803326,0.4255409240722656

,Avg.,0.4127050240834554
,Std. Dev.,0.013744548586958297
