start_time,end_time,time_taken
1627990080.8148105,1627990081.441672,0.626861572265625

,Avg.,0.626861572265625
,Std. Dev.,nan
