start_time,end_time,time_taken
1628234063.9649959,1628234180.7833092,116.81831336021423
1628234182.1018078,1628234299.193073,117.0912652015686
1628234300.495153,1628234417.3761723,116.88101935386658

,Avg.,116.93019930521648
,Std. Dev.,0.14296740060506374
