start_time,end_time,time_taken
1627319393.1043081,1627319393.3427372,0.23842906951904297
1627319393.9188895,1627319394.1458173,0.2269277572631836
1627319394.7180142,1627319394.9389482,0.2209339141845703

,Avg.,0.22876358032226562
,Std. Dev.,0.008890882957981407
