start_time,end_time,time_taken
1628493806.8658042,1628493809.4253554,2.559551239013672
1628493810.7517097,1628493813.3349516,2.5832419395446777

,Avg.,2.571396589279175
,Std. Dev.,0.016751854996533984
