start_time,end_time,time_taken
1628590684.6583173,1628590686.5725756,1.9142582416534424
1628590687.8416939,1628590689.703866,1.8621721267700195

,Avg.,1.888215184211731
,Std. Dev.,0.03683044503972986
