start_time,end_time,time_taken
1627639057.6163435,1627639059.035316,1.4189724922180176
1627639060.455265,1627639061.8392131,1.3839480876922607
1627639063.2261128,1627639064.6182587,1.3921458721160889

,Avg.,1.398355484008789
,Std. Dev.,0.0183192982395461
