start_time,end_time,time_taken
1627990492.8977966,1627990517.1317363,24.23393964767456

,Avg.,24.23393964767456
,Std. Dev.,nan
