start_time,end_time,time_taken
1627327388.1008458,1627327404.468972,16.368126153945923
1627327405.6538026,1627327422.4669373,16.81313467025757
1627327423.6709156,1627327440.8194604,17.148544788360596

,Avg.,16.776601870854694
,Std. Dev.,0.3914898406211502
