start_time,end_time,time_taken
1628493875.8501775,1628493904.6019626,28.751785039901733
1628493905.9476385,1628493934.8728805,28.925241947174072

,Avg.,28.838513493537903
,Std. Dev.,0.12265255537591699
