start_time,end_time,time_taken
1630217423.8183267,1630217428.791203,4.972876310348511
1630217429.722206,1630217434.7057762,4.983570098876953
1630217435.6278281,1630217440.5936317,4.965803623199463

,Avg.,4.9740833441416425
,Std. Dev.,0.008944529749127905
