start_time,end_time,time_taken
1628176910.822574,1628176915.0170138,4.194439888000488
1628176916.5439227,1628176920.4318697,3.8879470825195312
1628176921.9746828,1628176926.065764,4.091081142425537

,Avg.,4.0578227043151855
,Std. Dev.,0.15592964032553916
