start_time,end_time,time_taken
1628430991.291943,1628431439.9325078,448.6405646800995
1628431441.3655279,1628431892.4419808,451.07645297050476

,Avg.,449.8585088253021
,Std. Dev.,1.7224331283585153
