start_time,end_time,time_taken
1627990380.9522748,1627990405.124221,24.17194628715515

,Avg.,24.17194628715515
,Std. Dev.,nan
