start_time,end_time,time_taken
1627987073.2911463,1627988274.2374506,1200.946304321289

,Avg.,1200.946304321289
,Std. Dev.,nan
