start_time,end_time,time_taken
1628178122.1986039,1628178122.4017713,0.20316743850708008
1628178124.0157783,1628178124.20448,0.18870162963867188
1628178125.7661328,1628178125.9462378,0.18010497093200684

,Avg.,0.19065801302591953
,Std. Dev.,0.01165503880865481
