start_time,end_time,time_taken
1628007312.4840355,1628007371.7378144,59.25377893447876

,Avg.,59.25377893447876
,Std. Dev.,nan
