start_time,end_time,time_taken
1629915726.3988209,1629915727.841179,1.4423580169677734
1629915729.1570377,1629915730.592125,1.4350872039794922
1629915731.9659982,1629915733.4330707,1.4670724868774414

,Avg.,1.4481725692749023
,Std. Dev.,0.016766673624029133
