start_time,end_time,time_taken
1628416732.5086334,1628417225.2278361,492.7192027568817
1628417226.8748295,1628417724.793625,497.9187955856323

,Avg.,495.318999171257
,Std. Dev.,3.6766673486184995
