start_time,end_time,time_taken
1627983845.586061,1627983847.0980518,1.5119907855987549

,Avg.,1.5119907855987549
,Std. Dev.,nan
