start_time,end_time,time_taken
1630217922.3798053,1630217937.139887,14.760081768035889
1630217938.0359247,1630217952.0860324,14.050107717514038
1630217952.9776874,1630217967.172028,14.194340705871582

,Avg.,14.334843397140503
,Std. Dev.,0.3752619655573398
