start_time,end_time,time_taken
1627990350.6049101,1627990374.8537018,24.248791694641113

,Avg.,24.248791694641117
,Std. Dev.,nan
