start_time,end_time,time_taken
1627030509.8991778,1627030510.215084,0.315906286239624
1627030510.2160835,1627030510.5271838,0.3111002445220947
1627030510.5301845,1627030510.842385,0.31220054626464844
1627030510.8433874,1627030511.1573713,0.3139839172363281
1627030511.1583734,1627030511.4742897,0.3159162998199463

,Avg.,0.31382145881652834
,Std. Dev.,0.0021675805457311488
