start_time,end_time,time_taken
1627326703.7898407,1627326723.621218,19.831377267837524
1627326724.8213935,1627326744.1405568,19.31916332244873
1627326745.3587177,1627326764.8337598,19.47504210472107

,Avg.,19.541860898335774
,Std. Dev.,0.26256303023804023
