start_time,end_time,time_taken
1628176904.6017573,1628176905.1963584,0.5946011543273926
1628176906.6589854,1628176907.2362337,0.5772483348846436
1628176908.6836724,1628176909.275139,0.5914666652679443

,Avg.,0.5877720514933268
,Std. Dev.,0.00924757881074053
