start_time,end_time,time_taken
1628522710.1779776,1628522712.2592273,2.081249713897705
1628522713.552452,1628522715.2713623,1.7189102172851562

,Avg.,1.9000799655914307
,Std. Dev.,0.25621271514645333
