start_time,end_time,time_taken
1627223267.2047622,1627223287.248,20.043237686157227
1627223287.7573001,1627223309.1077685,21.350468397140503
1627223309.615801,1627223329.734069,20.11826801300049
1627223330.2374167,1627223351.9223542,21.684937477111816
1627223352.4233565,1627223374.5302625,22.106905937194824

,Avg.,21.06076350212097
,Std. Dev.,0.9342901857669201
