start_time,end_time,time_taken
1627983851.5146139,1627983853.164156,1.6495420932769775

,Avg.,1.6495420932769775
,Std. Dev.,nan
