start_time,end_time,time_taken
1627989980.2135518,1627989980.5424986,0.3289468288421631

,Avg.,0.3289468288421631
,Std. Dev.,nan
