start_time,end_time,time_taken
1628006094.6846771,1628006095.1522887,0.46761155128479004

,Avg.,0.46761155128479
,Std. Dev.,nan
