start_time,end_time,time_taken
1627117972.5731702,1627117979.307332,6.734161853790283
1627117979.8622139,1627117986.6124492,6.750235319137573
1627117987.1608546,1627117993.8842807,6.723426103591919
1627117994.4402666,1627118001.1433787,6.7031121253967285
1627118001.6939979,1627118008.4074924,6.713494539260864

,Avg.,6.7248859882354735
,Std. Dev.,0.018266278594784614
