start_time,end_time,time_taken
1627624973.9752097,1627624980.5804794,6.60526967048645
1627624981.1140316,1627624987.7410939,6.6270623207092285
1627624988.2846932,1627624994.876804,6.592110872268677
1627624995.4232354,1627625002.103887,6.680651664733887
1627625002.6429198,1627625009.3353753,6.692455530166626

,Avg.,6.639510011672973
,Std. Dev.,0.04491627749578271
