start_time,end_time,time_taken
1627420661.0794792,1627422045.2213101,1384.141830921173

,Avg.,1384.141830921173
,Std. Dev.,nan
