start_time,end_time,time_taken
1627990100.5347238,1627990342.2257125,241.690988779068

,Avg.,241.690988779068
,Std. Dev.,nan
