start_time,end_time,time_taken
1627137938.3617597,1627137941.702831,3.341071367263794
1627137942.2617853,1627137945.5963283,3.334542989730835
1627137946.1442432,1627137949.5167084,3.372465133666992
1627137950.0696082,1627137953.456051,3.3864428997039795
1627137954.0005422,1627137957.3806565,3.3801143169403076

,Avg.,3.3629273414611816
,Std. Dev.,0.023572749717738928
