start_time,end_time,time_taken
1628012606.4334877,1628012607.1226566,0.6891689300537109
1628012607.6613455,1628012608.282694,0.6213486194610596
1628012608.8318994,1628012609.4518735,0.6199741363525391
1628012609.9893699,1628012610.6086192,0.6192493438720703
1628012611.150473,1628012611.7880511,0.637578010559082

,Avg.,0.6374638080596924
,Std. Dev.,0.0298780325166454
