start_time,end_time,time_taken
1628531368.2879524,1628531370.158039,1.870086669921875
1628531371.5114465,1628531373.0881639,1.5767173767089844

,Avg.,1.7234020233154297
,Std. Dev.,0.20744341662273955
