start_time,end_time,time_taken
1627156717.9984982,1627156718.3317719,0.33327364921569824
1627156718.3327732,1627156718.6729128,0.34013962745666504
1627156718.673913,1627156719.052119,0.3782060146331787
1627156719.052119,1627156719.4431388,0.3910198211669922
1627156719.4441383,1627156719.8280222,0.3838839530944824

,Avg.,0.36530461311340334
,Std. Dev.,0.02660906383108153
