start_time,end_time,time_taken
1628340434.259202,1628340446.5562017,12.29699969291687
1628340447.9357505,1628340460.267759,12.332008600234985

,Avg.,12.314504146575928
,Std. Dev.,0.024755035766569376
