start_time,end_time,time_taken
1628178226.8044279,1628178226.9551356,0.15070772171020508
1628178229.1946592,1628178229.3579578,0.1632986068725586
1628178231.6527808,1628178231.84229,0.18950915336608887

,Avg.,0.16783849398295078
,Std. Dev.,0.01979509297446932
