start_time,end_time,time_taken
1630216667.8695254,1630216668.868152,0.9986264705657959
1630216670.2882586,1630216671.2940376,1.0057790279388428
1630216672.705331,1630216673.7238712,1.0185401439666748

,Avg.,1.0076485474904378
,Std. Dev.,0.01008761243280907
