start_time,end_time,time_taken
1627983571.5840862,1627983571.9083688,0.3242826461791992

,Avg.,0.3242826461791992
,Std. Dev.,nan
