start_time,end_time,time_taken
1627230421.3606591,1627230532.8673034,111.5066442489624
1627230533.371218,1627230646.7591453,113.38792729377747
1627230647.2638154,1627230758.8163888,111.5525734424591

,Avg.,112.14904832839966
,Std. Dev.,1.0731463976762547
