start_time,end_time,time_taken
1628351181.709001,1628351204.8506098,23.141608715057373
1628351206.172662,1628351230.1493354,23.976673364639282

,Avg.,23.559141039848328
,Std. Dev.,0.5904798764485335
