start_time,end_time,time_taken
1630217882.2617826,1630217883.1040928,0.8423101902008057
1630217884.0018613,1630217884.8029087,0.8010473251342773
1630217885.683953,1630217886.449993,0.7660398483276367

,Avg.,0.8031324545542399
,Std. Dev.,0.038177900490807666
