start_time,end_time,time_taken
1627405200.9948857,1627407469.6479752,2268.6530895233154

,Avg.,2268.6530895233154
,Std. Dev.,nan
