start_time,end_time,time_taken
1627983677.369338,1627983678.9498594,1.5805213451385498

,Avg.,1.5805213451385498
,Std. Dev.,nan
