start_time,end_time,time_taken
1630162116.3920634,1630162129.507835,13.115771532058716
1630162130.9482586,1630162144.0529265,13.104667901992798
1630162145.4739578,1630162158.5851393,13.111181497573853

,Avg.,13.110540310541788
,Std. Dev.,0.005579515280716996
