start_time,end_time,time_taken
1628094514.3478477,1628096884.8903623,2370.542514562607
