start_time,end_time,time_taken
1628007200.0207994,1628007206.2419405,6.22114109992981

,Avg.,6.22114109992981
,Std. Dev.,nan
