start_time,end_time,time_taken
1627134498.8607872,1627134499.3047926,0.44400548934936523
1627134499.846872,1627134500.2999032,0.453031063079834
1627134500.8488538,1627134501.2899005,0.44104671478271484
1627134501.8541794,1627134502.2839234,0.42974400520324707
1627134502.8299472,1627134503.2502072,0.420259952545166

,Avg.,0.43761744499206545
,Std. Dev.,0.012781042824392252
