start_time,end_time,time_taken
1628585363.4884782,1628585364.9155643,1.4270861148834229
1628585366.2602954,1628585367.605308,1.3450126647949219

,Avg.,1.3860493898391724
,Std. Dev.,0.05803469311295453
