start_time,end_time,time_taken
1628006681.8541281,1628006740.0111644,58.15703630447388

,Avg.,58.15703630447388
,Std. Dev.,nan
