start_time,end_time,time_taken
1628343379.2667668,1628345159.4425323,1780.1757655143738
1628345160.8254251,1628346926.064099,1765.2386739253998

,Avg.,1772.7072197198868
,Std. Dev.,10.562118753768058
