start_time,end_time,time_taken
1627639493.2758641,1627640758.1604636,1264.8845994472504
1627640759.5551314,1627642028.5233297,1268.968198299408

,Avg.,1266.926399
,Std. Dev.,2.88754044
