start_time,end_time,time_taken
1626344778.3548183,1626344779.8199692,1.4651508331298828
1626344779.8219714,1626344780.8163164,0.99434494972229
1626344780.8173246,1626344782.081301,1.2639763355255127
1626344782.0843031,1626344783.3637195,1.2794163227081299
1626344783.3647208,1626344784.572624,1.2079031467437744
