start_time,end_time,time_taken
1627315405.7042332,1627315405.962765,0.2585318088531494
1627315407.1439433,1627315407.375596,0.23165273666381836
1627315408.5583565,1627315408.7942226,0.23586606979370117

,Avg.,0.24201687177022294
,Std. Dev.,0.014456673343325118
