start_time,end_time,time_taken
1628179774.9849658,1628179903.0115352,128.02656936645508
1628179905.2482195,1628180032.3990612,127.15084171295166
1628180034.7088335,1628180161.760933,127.05209946632385

,Avg.,127.40983684857686
,Std. Dev.,0.5363830317726163
