start_time,end_time,time_taken
1627326694.333166,1627326696.8168657,2.4836997985839844
1627326698.029345,1627326699.733487,1.7041418552398682
1627326700.935141,1627326702.5729299,1.6377887725830078

,Avg.,1.9418768088022869
,Std. Dev.,0.47040386593490086
