start_time,end_time,time_taken
1628176888.045419,1628176888.227498,0.18207907676696777
1628176889.8049858,1628176890.0029597,0.19797396659851074
1628176891.5218842,1628176891.6958616,0.17397737503051758

,Avg.,0.18467680613199863
,Std. Dev.,0.012207385064407876
