start_time,end_time,time_taken
1628005869.133516,1628005928.244432,59.11091589927673

,Avg.,59.11091589927673
,Std. Dev.,nan
