start_time,end_time,time_taken
1628177961.7070563,1628177962.3129542,0.6058979034423828
1628177963.8828537,1628177964.485318,0.6024641990661621
1628177965.9918904,1628177966.604421,0.6125304698944092

,Avg.,0.6069641908009847
,Std. Dev.,0.0051171455563859165
