start_time,end_time,time_taken
1627984329.938224,1627984342.8231823,12.884958267211914

,Avg.,12.884958267211914
,Std. Dev.,nan
