start_time,end_time,time_taken
1628360756.6240199,1628360767.8770473,11.253027439117432
1628360769.1702056,1628360781.3500588,12.179853200912476

,Avg.,11.716440320014954
,Std. Dev.,0.6553647811436634
