start_time,end_time,time_taken
1630216444.0815277,1630216478.3797066,34.298178911209106
1630216479.815949,1630216514.5849798,34.769030809402466
1630216516.0114732,1630216550.7933521,34.78187894821167

,Avg.,34.61636288960775
,Std. Dev.,0.27563028090161873
