start_time,end_time,time_taken
1628177650.488637,1628177685.9255903,35.43695330619812
1628177688.252649,1628177723.969498,35.716848850250244
1628177726.3414323,1628177761.939125,35.5976927280426

,Avg.,35.58383162816366
,Std. Dev.,0.14046165477613182
