start_time,end_time,time_taken
1627990582.2543998,1627990821.2895062,239.03510642051697

,Avg.,239.03510642051697
,Std. Dev.,nan
