start_time,end_time,time_taken
1627983555.1223862,1627983555.4361696,0.3137834072113037

,Avg.,0.3137834072113037
,Std. Dev.,nan
