start_time,end_time,time_taken
1628351625.4995232,1628351854.9916418,229.49211859703064
1628351856.333353,1628352084.140942,227.80758905410767

,Avg.,228.64985382556915
,Std. Dev.,1.19114226290991
