start_time,end_time,time_taken
1628067672.8443966,1628067685.466149,12.621752500534058
1628067686.8476982,1628067699.4947855,12.647087335586548
1628067700.8540206,1628067713.4591966,12.605175971984863

,Avg.,12.624671936035156
,Std. Dev.,0.021107650922638426
