start_time,end_time,time_taken
1630218275.2288938,1630218276.0087988,0.7799050807952881
1630218276.9444625,1630218277.7348905,0.7904279232025146
1630218278.657899,1630218279.449936,0.7920370101928711

,Avg.,0.7874566713968912
,Std. Dev.,0.006589171472673921
