start_time,end_time,time_taken
1628104218.342939,1628108957.9336205,4739.590681552887
