start_time,end_time,time_taken
1628176893.2547092,1628176893.4402506,0.18554139137268066
1628176894.9625509,1628176895.158244,0.1956930160522461
1628176896.715789,1628176896.8985152,0.18272614479064941

,Avg.,0.18798685073852536
,Std. Dev.,0.006820567513865985
