start_time,end_time,time_taken
1630217405.6882663,1630217406.506224,0.8179576396942139
1630217407.351681,1630217408.242277,0.8905959129333496
1630217409.1958065,1630217410.0182056,0.8223991394042969

,Avg.,0.8436508973439535
,Std. Dev.,0.04071618347088972
