start_time,end_time,time_taken
1628510258.0502949,1628510420.8836315,162.83333659172058
1628510422.1435075,1628510584.9863746,162.8428671360016

,Avg.,162.83810186386108
,Std. Dev.,0.006739112489497912
