start_time,end_time,time_taken
1628370823.8573408,1628370904.9545019,81.0971610546112
1628370906.3245218,1628370985.5621107,79.23758888244629
1628370986.926112,1628371067.1945076,80.26839566230774

,Avg.,80.20104853312175
,Std. Dev.,0.9316135962563734
