start_time,end_time,time_taken
1628007740.2022574,1628007802.8110662,62.608808755874634

,Avg.,62.60880875587464
,Std. Dev.,nan
