start_time,end_time,time_taken
1628522716.587012,1628522718.629366,2.042353868484497
1628522719.933985,1628522722.0316656,2.0976805686950684

,Avg.,2.0700172185897827
,Std. Dev.,0.03912188489957014
