start_time,end_time,time_taken
1627026795.3200164,1627026795.7094052,0.3893887996673584
1627026796.257807,1627026796.6700544,0.4122474193572998
1627026797.2174814,1627026797.5983734,0.3808920383453369
1627026798.1434698,1627026798.5285323,0.38506245613098145
1627026799.0651066,1627026799.4608955,0.39578890800476074

,Avg.,0.39267592430114745
,Std. Dev.,0.012251164642878865
