start_time,end_time,time_taken
1627990049.3182387,1627990049.8059483,0.48770952224731445

,Avg.,0.4877095222473144
,Std. Dev.,nan
