start_time,end_time,time_taken
1627990035.055673,1627990037.8020585,2.7463855743408203

,Avg.,2.7463855743408203
,Std. Dev.,nan
