start_time,end_time,time_taken
1628179396.850634,1628179399.868835,3.0182008743286133
1628179401.3538404,1628179404.3433373,2.989496946334839
1628179405.8180034,1628179408.7514825,2.933479070663452

,Avg.,2.9803922971089682
,Std. Dev.,0.043088478532133614
