start_time,end_time,time_taken
1628006146.9866204,1628006153.0997922,6.113171815872192

,Avg.,6.113171815872192
,Std. Dev.,nan
