start_time,end_time,time_taken
1628006136.0929077,1628006142.199035,6.1061272621154785

,Avg.,6.106127262115479
,Std. Dev.,nan
