start_time,end_time,time_taken
1628585419.824796,1628585501.6029887,81.77819275856018
1628585502.8775244,1628585584.9702306,82.0927062034607

,Avg.,81.93544948101044
,Std. Dev.,0.2223945896634941
