start_time,end_time,time_taken
1627644417.10847,1627644420.2689402,3.1604702472686768
1627644420.951872,1627644424.059488,3.1076159477233887
1627644424.7299116,1627644427.8084555,3.0785439014434814

,Avg.,3.1155433654785156
,Std. Dev.,0.04153449770089458
