start_time,end_time,time_taken
1628005935.2868397,1628005993.997413,58.71057319641113

,Avg.,58.71057319641113
,Std. Dev.,nan
