start_time,end_time,time_taken
1628251905.1692905,1628251911.417819,6.248528480529785
1628251912.7848334,1628251919.0892713,6.304437875747681
1628251920.4482493,1628251926.596891,6.148641586303711

,Avg.,6.233869314193726
,Std. Dev.,0.0789258469664944
