start_time,end_time,time_taken
1627030571.4550319,1627030572.3686776,0.9136457443237305
1627030572.9097354,1627030573.816098,0.9063625335693359
1627030574.356691,1627030575.294288,0.9375970363616943
1627030575.8312871,1627030576.7642338,0.9329466819763184
1627030577.310549,1627030578.2239866,0.9134376049041748

,Avg.,0.9207979202270508
,Std. Dev.,0.013633698734272745
