start_time,end_time,time_taken
1628370451.9416473,1628370453.0894992,1.1478519439697266
1628370453.8724983,1628370454.85617,0.9836716651916504
1628370455.6331666,1628370456.649728,1.016561508178711

,Avg.,1.0493617057800293
,Std. Dev.,0.08686587769041335
