start_time,end_time,time_taken
1627989958.3184633,1627989958.634099,0.31563568115234375

,Avg.,0.3156356811523437
,Std. Dev.,nan
