start_time,end_time,time_taken
1627220081.8983414,1627221922.5064633,1840.6081218719482
