start_time,end_time,time_taken
1628188553.0001454,1628188806.046869,253.04672360420227
1628188808.3607676,1628189061.6152146,253.2544469833374

,Avg.,253.15058529376984
,Std. Dev.,0.1468826099974359
