start_time,end_time,time_taken
1630221772.8458688,1630222021.5582862,248.71241736412048
1630222022.8953385,1630222274.2034624,251.3081238269806

,Avg.,250.01027059555054
,Std. Dev.,1.8354416418581292
