start_time,end_time,time_taken
1627984348.9683666,1627984362.2319572,13.263590574264526

,Avg.,13.263590574264526
,Std. Dev.,nan
