start_time,end_time,time_taken
1627645005.965496,1627645018.7786472,12.813151121139526
1627645020.184032,1627645033.0066843,12.822652339935303
1627645034.3947802,1627645047.1172774,12.72249722480774

,Avg.,12.786100228627523
,Std. Dev.,0.055286299033539196
