start_time,end_time,time_taken
1628531431.0832787,1628531530.414322,99.3310432434082
1628531531.7333784,1628531628.5091794,96.77580094337463

,Avg.,98.05342209339142
,Std. Dev.,1.8068291579284474
