start_time,end_time,time_taken
1628005803.165885,1628005862.124366,58.95848107337952

,Avg.,58.95848107337952
,Std. Dev.,nan
