start_time,end_time,time_taken
1627295404.8572047,1627298338.4643292,2933.607124567032
1627298339.016323,1627301272.5998075,2933.5834844112396

,Avg.,2933.5953044891357
,Std. Dev.,0.016716114468675193
