start_time,end_time,time_taken
1628178847.5590293,1628178851.475483,3.9164535999298096
1628178853.6817977,1628178857.5581188,3.8763210773468018
1628178859.8446667,1628178863.770753,3.926086187362671

,Avg.,3.9062869548797607
,Std. Dev.,0.026394356355159555
