start_time,end_time,time_taken
1627990556.642165,1627990559.0968676,2.454702615737915

,Avg.,2.454702615737915
,Std. Dev.,nan
