start_time,end_time,time_taken
1627307093.763314,1627307107.9081912,14.144877195358276
1627307107.909192,1627307121.9054236,13.99623155593872
1627307121.9064257,1627307136.4467316,14.540305852890015

,Avg.,14.22713820139567
,Std. Dev.,0.28121053498486664
