start_time,end_time,time_taken
1627638601.9516811,1627638637.0778804,35.12619924545288
1627638638.458719,1627638673.3526661,34.8939471244812
1627638674.772182,1627638709.4942653,34.72208333015442

,Avg.,34.91407656669617
,Std. Dev.,0.2028085651107779
