start_time,end_time,time_taken
1627319536.3724668,1627319540.8874028,4.5149359703063965
1627319541.447294,1627319545.5538926,4.106598615646362
1627319546.1409116,1627319550.8395832,4.698671579360962

,Avg.,4.44006872177124
,Std. Dev.,0.3030535056188363
