start_time,end_time,time_taken
1630216093.935298,1630216095.0614924,1.1261944770812988
1630216096.423446,1630216097.4268076,1.003361701965332
1630216098.7750118,1630216099.7562711,0.9812593460083008

,Avg.,1.0369385083516438
,Std. Dev.,0.07808392600346556
