start_time,end_time,time_taken
1628177012.2939966,1628177012.4843261,0.19032955169677734
1628177014.6803002,1628177014.8439808,0.1636805534362793
1628177016.9998815,1628177017.1963422,0.19646072387695312

,Avg.,0.1834902763366699
,Std. Dev.,0.017427468522950636
