start_time,end_time,time_taken
1627117960.060068,1627117960.4764495,0.4163815975189209
1627117961.0222352,1627117961.438817,0.4165818691253662
1627117961.9875462,1627117962.4061334,0.41858720779418945
1627117962.9590902,1627117963.3722415,0.41315126419067383
1627117963.9237323,1627117964.336593,0.412860631942749

,Avg.,0.4155125141143799
,Std. Dev.,0.002447475616969782
