start_time,end_time,time_taken
1627315419.5862405,1627315438.7989883,19.212747812271118
1627315439.9863045,1627315458.105222,18.11891746520996
1627315459.2805898,1627315477.9962866,18.715696811676025

,Avg.,18.682454029719036
,Std. Dev.,0.5476723646051211
