start_time,end_time,time_taken
1629970514.7611318,1629970515.0771658,0.31603407859802246
1629970515.9242725,1629970516.2396312,0.31535863876342773
