start_time,end_time,time_taken
1629970525.721985,1629970527.2925394,1.570554256439209
1629970528.626197,1629970530.1744385,1.548241376876831
