start_time,end_time,time_taken
1628007914.1740453,1628007922.3169956,8.142950296401978

,Avg.,8.142950296401978
,Std. Dev.,nan
