start_time,end_time,time_taken
1628007179.4665945,1628007180.388884,0.9222896099090576

,Avg.,0.9222896099090576
,Std. Dev.,nan
