start_time,end_time,time_taken
1627984122.740236,1627984245.0740845,122.33384847640991

,Avg.,122.33384847640993
,Std. Dev.,nan
