start_time,end_time,time_taken
1627301399.3157096,1627301399.655253,0.33954334259033203
1627301399.6562543,1627301399.987815,0.3315606117248535

,Avg.,0.3355519771575928
,Std. Dev.,0.005644643127366976
