start_time,end_time,time_taken
1628329623.4285417,1628329818.9806254,195.55208373069763
1628329820.4330173,1628330021.7683682,201.3353509902954

,Avg.,198.44371736049652
,Std. Dev.,4.08938749667573
