start_time,end_time,time_taken
1628329524.8919475,1628329527.178558,2.2866106033325195
1628329529.7275593,1628329532.3785985,2.6510391235351562

,Avg.,2.468824863433838
,Std. Dev.,0.25768987789306286
