start_time,end_time,time_taken
1630216976.7822297,1630216978.0985157,1.3162860870361328
1630216979.5407326,1630216980.8613384,1.320605754852295
1630216982.3157918,1630216983.652872,1.3370802402496338

,Avg.,1.3246573607126872
,Std. Dev.,0.010973187071339478
