start_time,end_time,time_taken
1627991323.5256839,1627991336.8029234,13.277239561080933

,Avg.,13.277239561080933
,Std. Dev.,nan
