start_time,end_time,time_taken
1628177949.9844565,1628177950.1784952,0.19403862953186035
1628177951.6991239,1628177951.914207,0.21508312225341797
1628177953.4629858,1628177953.6371224,0.17413663864135742

,Avg.,0.1944194634755452
,Std. Dev.,0.02047589817120807
