start_time,end_time,time_taken
1627135327.1885355,1627135396.7539718,69.56543636322021
1627135397.3067455,1627135467.188885,69.8821394443512
1627135467.7326946,1627135537.8609948,70.12830018997192
1627135538.399957,1627135609.362784,70.96282696723938
1627135609.9067717,1627135680.6005652,70.69379353523254

,Avg.,70.24649930000305
,Std. Dev.,0.5752767415774407
