start_time,end_time,time_taken
1627984274.2916434,1627984284.9107351,10.619091749191284

,Avg.,10.619091749191284
,Std. Dev.,nan
