start_time,end_time,time_taken
1628176877.9257293,1628176878.0753865,0.1496572494506836
1628176879.693393,1628176879.835395,0.14200210571289062
1628176881.3716297,1628176881.50861,0.13698029518127441

,Avg.,0.14287988344828287
,Std. Dev.,0.0063838987070391285
