start_time,end_time,time_taken
1627658873.8666513,1627658899.254325,25.3876736164093
1627658900.663627,1627658926.315811,25.652184009552002
1627658927.7372181,1627658953.0743291,25.337110996246338

,Avg.,25.45898954073588
,Std. Dev.,0.16921058396357266
