start_time,end_time,time_taken
1627985636.7779205,1627986844.1235523,1207.3456318378448

,Avg.,1207.3456318378448
,Std. Dev.,nan
