start_time,end_time,time_taken
1627990546.1016724,1627990547.8210993,1.7194268703460693

,Avg.,1.7194268703460691
,Std. Dev.,nan
