start_time,end_time,time_taken
1628077339.0105596,1628077339.3545613,0.34400177001953125
1628077340.1295605,1628077340.453901,0.3243405818939209
1628077341.211901,1628077341.5389028,0.32700181007385254

,Avg.,0.33178138732910156
,Std. Dev.,0.010666482488704058
