start_time,end_time,time_taken
1628007549.218099,1628007555.722477,6.504377841949463

,Avg.,6.504377841949463
,Std. Dev.,nan
