start_time,end_time,time_taken
1628531397.0477183,1628531412.8645935,15.816875219345093
1628531414.2182338,1628531429.7739742,15.555740356445312

,Avg.,15.686307787895203
,Std. Dev.,0.184650232360654
