start_time,end_time,time_taken
1630162094.796004,1630162096.9845874,2.1885833740234375
1630162098.3375053,1630162100.5532875,2.2157821655273438
1630162101.9886966,1630162104.1729636,2.184267044067383

,Avg.,2.1962108612060547
,Std. Dev.,0.017086094951737123
