start_time,end_time,time_taken
1629986039.5826104,1629986039.9308546,0.34824419021606445
1629986040.733852,1629986041.0980294,0.3641774654388428
1629986041.98708,1629986042.3810837,0.39400362968444824

,Avg.,0.36880842844645184
,Std. Dev.,0.023228558691803337
