start_time,end_time,time_taken
1628067646.6053011,1628067648.253396,1.648094892501831
1628067649.7153282,1628067651.3392797,1.6239514350891113
1628067652.8402271,1628067654.4570105,1.6167833805084229

,Avg.,1.6296099026997883
,Std. Dev.,0.01640476722188245
