start_time,end_time,time_taken
1628234418.7102766,1628234443.3609784,24.650701761245728
1628234444.1811464,1628234465.3091838,21.128037452697754
1628234466.1272259,1628234490.3787107,24.251484870910645

,Avg.,23.34340802828471
,Std. Dev.,1.9289229175279534
