start_time,end_time,time_taken
1628177060.847798,1628177064.5128505,3.6650524139404297
1628177066.832881,1628177070.7064636,3.873582601547241
1628177072.9777734,1628177076.606958,3.6291844844818115

,Avg.,3.7226064999898276
,Std. Dev.,0.1319733477715025
