start_time,end_time,time_taken
1628178158.4358523,1628178163.147887,4.712034702301025
1628178164.7196198,1628178169.4032931,4.68367338180542
1628178171.070625,1628178175.9595413,4.888916254043579

,Avg.,4.761541446050008
,Std. Dev.,0.11121756789560233
