start_time,end_time,time_taken
1627990540.592455,1627990542.294037,1.7015821933746338

,Avg.,1.7015821933746338
,Std. Dev.,nan
