start_time,end_time,time_taken
1628006157.2478504,1628006163.7063122,6.458461761474609

,Avg.,6.458461761474609
,Std. Dev.,nan
