start_time,end_time,time_taken
1628598516.4838974,1628598649.1779485,132.69405102729797
1628598650.464345,1628598788.197106,137.73276090621948

,Avg.,135.21340596675873
,Std. Dev.,3.5629059238170466
