start_time,end_time,time_taken
1626361124.862619,1626361125.5155292,0.6529102325439453
1626361125.5195417,1626361126.1503391,0.6307973861694336
1626361126.1543386,1626361126.5863385,0.43199992179870605
1626361126.5903382,1626361127.278167,0.687828779220581
1626361127.281167,1626361127.9258049,0.6446378231048584
