start_time,end_time,time_taken
1628510586.2672105,1628510814.0160573,227.74884676933289
1628510815.3288906,1628511029.0024107,213.6735200881958

,Avg.,220.71118342876434
,Std. Dev.,9.952758943647975
