start_time,end_time,time_taken
1630218285.4332278,1630218286.5380723,1.104844570159912
1630218287.4609816,1630218288.5099592,1.0489776134490967
1630218289.3184326,1630218290.3396537,1.0212211608886719

,Avg.,1.0583477814992268
,Std. Dev.,0.04259188516022844
