start_time,end_time,time_taken
1628008125.455157,1628008202.619566,77.16440892219543

,Avg.,77.16440892219543
,Std. Dev.,nan
