start_time,end_time,time_taken
1628007415.1589167,1628007474.23164,59.072723388671875

,Avg.,59.07272338867188
,Std. Dev.,nan
