start_time,end_time,time_taken
1628005692.8556495,1628005693.836481,0.9808316230773926

,Avg.,0.9808316230773926
,Std. Dev.,nan
