start_time,end_time,time_taken
1627237545.668499,1627237569.0004902,23.33199119567871
1627237569.5085056,1627237592.3077483,22.799242734909058
1627237592.823663,1627237615.5819464,22.758283376693726

,Avg.,22.963172435760498
,Std. Dev.,0.3200622994153771
