start_time,end_time,time_taken
1629915785.71232,1629915796.663994,10.951673984527588
1629915797.956266,1629915808.8401883,10.883922338485718
1629915810.1172965,1629915821.299236,11.181939601898193

,Avg.,11.005845308303833
,Std. Dev.,0.15621930598590555
