start_time,end_time,time_taken
1627041197.8662984,1627041198.8526568,0.9863584041595459
1627041199.392462,1627041200.3652546,0.9727926254272461
1627041200.9027276,1627041201.8518891,0.9491615295410156
1627041202.3841112,1627041203.3562818,0.9721705913543701
1627041203.8978698,1627041204.8467834,0.94891357421875

,Avg.,0.9658793449401856
,Std. Dev.,0.01638663954979692
