start_time,end_time,time_taken
1630217621.194725,1630217626.0879583,4.893233299255371
1630217626.9270048,1630217631.8247833,4.897778511047363
1630217632.6523054,1630217637.59411,4.941804647445679

,Avg.,4.910938819249471
,Std. Dev.,0.026827024625121456
