start_time,end_time,time_taken
1628178140.4134445,1628178144.8728147,4.459370136260986
1628178146.3908236,1628178150.7851539,4.394330263137817
1628178152.3946502,1628178156.7810624,4.386412143707275

,Avg.,4.413370847702026
,Std. Dev.,0.04003279986182493
