start_time,end_time,time_taken
1627638910.2340155,1627638948.3333044,38.09928894042969
1627638949.735398,1627638987.4450574,37.70965933799744
1627638988.8687005,1627639027.3521936,38.4834930896759

,Avg.,38.09748045603434
,Std. Dev.,0.38692004570847566
