start_time,end_time,time_taken
1628257759.5258894,1628257759.9961474,0.4702579975128174
1628257760.7421458,1628257761.200268,0.45812225341796875
1628257761.9588916,1628257762.3753192,0.4164276123046875

,Avg.,0.4482692877451579
,Std. Dev.,0.02823540848519999
