start_time,end_time,time_taken
1627131540.9135516,1627131609.0838902,68.17033863067627
1627131609.6261458,1627131677.1108687,67.48472285270691
1627131677.6576226,1627131745.506541,67.84891843795776
1627131746.0579228,1627131813.914649,67.85672616958618
1627131814.468383,1627131882.3624887,67.8941056728363

,Avg.,67.85096235275269
,Std. Dev.,0.24394226957116263
