start_time,end_time,time_taken
1628527056.28458,1628529168.1791065,2111.8945264816284
1628529169.5904763,1628531261.9004998,2092.310023546219

,Avg.,2102.1022750139236
,Std. Dev.,13.848334831795935
