start_time,end_time,time_taken
1628523160.6436718,1628523363.4946408,202.85096907615662
1628523364.8837132,1628523574.5416803,209.6579670906067

,Avg.,206.25446808338165
,Std. Dev.,4.813274455540991
