start_time,end_time,time_taken
1628370433.1663914,1628370433.5943863,0.427994966506958
1628370434.417387,1628370434.8360715,0.4186844825744629
1628370435.652595,1628370436.0816417,0.429046630859375

,Avg.,0.42524202664693195
,Std. Dev.,0.005703291827911044
