start_time,end_time,time_taken
1630221662.3623767,1630221688.8562276,26.49385094642639
1630221690.2966971,1630221716.205211,25.90851378440857

,Avg.,26.20118236541748
,Std. Dev.,0.41389587654329096
