start_time,end_time,time_taken
1628188443.1231184,1628188468.0406415,24.91752314567566
1628188470.174656,1628188495.385027,25.210371017456055

,Avg.,25.063947081565857
,Std. Dev.,0.20707471599196373
