start_time,end_time,time_taken
1628356019.350633,1628358316.3054168,2296.9547839164734
1628358317.7878509,1628360643.844897,2326.057046175003

,Avg.,2311.505915045738
,Std. Dev.,20.578406990875653
