start_time,end_time,time_taken
1628067771.2478194,1628067893.4925451,122.24472570419312
1628067894.8621395,1628068017.6992567,122.8371171951294
1628068019.0851705,1628068143.2289474,124.14377689361572

,Avg.,123.07520659764607
,Std. Dev.,0.971655174279908
