start_time,end_time,time_taken
1623021806.934678,1623025709.7888978,3902.854219675064
