start_time,end_time,time_taken
1628177019.502864,1628177019.6864066,0.18354272842407227
1628177021.8580086,1628177022.0279894,0.16998076438903809
1628177024.2266192,1628177024.4155629,0.18894362449645996

,Avg.,0.18082237243652335
,Std. Dev.,0.00976973737557248
