start_time,end_time,time_taken
1628177632.241083,1628177635.9654198,3.724336862564087
1628177638.2893481,1628177642.0972333,3.80788516998291
1628177644.3489316,1628177648.1656396,3.8167080879211426

,Avg.,3.7829767068227134
,Std. Dev.,0.050974841551918254
