start_time,end_time,time_taken
1628189586.0189586,1628192089.8482058,2503.829247236252
1628192092.2288992,1628194604.9655108,2512.7366116046906

,Avg.,2508.282929420471
,Std. Dev.,6.298457747422448
