start_time,end_time,time_taken
1630222779.9575188,1630225271.607044,2491.649525165558
1630225273.0420606,1630227754.4884856,2481.44642496109

,Avg.,2486.547975063324
,Std. Dev.,7.214681343705013
