start_time,end_time,time_taken
1628007246.1105728,1628007304.7537286,58.64315581321716

,Avg.,58.64315581321716
,Std. Dev.,nan
