start_time,end_time,time_taken
1628531362.8286133,1628531364.1491938,1.3205804824829102
1628531365.4861596,1628531366.967866,1.4817063808441162

,Avg.,1.4011434316635132
,Std. Dev.,0.11393321535598322
