start_time,end_time,time_taken
1627136036.4267282,1627136036.895392,0.46866369247436523
1627136037.440844,1627136037.9248786,0.48403453826904297
1627136038.4637337,1627136038.9225762,0.45884251594543457
1627136039.4618123,1627136039.9148378,0.45302557945251465
1627136040.4537485,1627136040.921669,0.46792054176330566

,Avg.,0.4664973735809325
,Std. Dev.,0.011772389020282653
