start_time,end_time,time_taken
1627989962.3211482,1627989962.6523485,0.33120036125183105

,Avg.,0.331200361251831
,Std. Dev.,nan
