start_time,end_time,time_taken
1627983711.0776458,1627983711.5164862,0.438840389251709

,Avg.,0.438840389251709
,Std. Dev.,nan
