start_time,end_time,time_taken
1627983706.1004043,1627983706.5735133,0.47310900688171387

,Avg.,0.4731090068817138
,Std. Dev.,nan
