start_time,end_time,time_taken
1628179185.430098,1628179186.0077012,0.5776031017303467
1628179187.538385,1628179188.0948153,0.5564303398132324
1628179189.5785832,1628179190.1969008,0.6183176040649414

,Avg.,0.5841170152028402
,Std. Dev.,0.03145364320210877
