start_time,end_time,time_taken
1628008035.3969703,1628008112.7117045,77.31473422050476

,Avg.,77.31473422050476
,Std. Dev.,nan
