start_time,end_time,time_taken
1627314710.4640322,1627314712.5582316,2.0941994190216064
1627314713.7330737,1627314715.6904685,1.9573948383331299
1627314716.8607113,1627314718.5187588,1.6580474376678467

,Avg.,1.903213898340861
,Std. Dev.,0.22306684738781088
