start_time,end_time,time_taken
1628007847.2244754,1628007847.6614864,0.4370110034942627

,Avg.,0.4370110034942627
,Std. Dev.,nan
