start_time,end_time,time_taken
1628177192.8713992,1628177228.5761135,35.70471429824829
1628177230.8848982,1628177265.9919474,35.107049226760864
1628177268.2463431,1628177304.3402863,36.09394311904907

,Avg.,35.63523554801941
,Std. Dev.,0.49710196258812717
