start_time,end_time,time_taken
1628340500.0134144,1628340619.548856,119.53544163703918
1628340620.7820191,1628340739.8322678,119.05024862289429

,Avg.,119.29284512996674
,Std. Dev.,0.3430832704862075
