start_time,end_time,time_taken
1627984311.040105,1627984323.4402516,12.400146484375

,Avg.,12.400146484375
,Std. Dev.,nan
