start_time,end_time,time_taken
1627990089.3753457,1627990089.9411352,0.5657894611358643

,Avg.,0.5657894611358643
,Std. Dev.,nan
