start_time,end_time,time_taken
1626344982.6772683,1626344983.381749,0.7044806480407715
1626344983.3847485,1626344984.002277,0.6175284385681152
1626344984.004277,1626344984.6444328,0.6401557922363281
1626344984.648433,1626344985.2685046,0.6200716495513916
1626344985.2715044,1626344985.8866374,0.6151330471038818
