start_time,end_time,time_taken
1628096886.295718,1628099264.0233366,2377.7276186943054
