start_time,end_time,time_taken
1627625009.8827274,1627625072.4995325,62.61680507659912
1627625073.0445714,1627625136.264472,63.219900608062744
1627625136.8002894,1627625200.1115775,63.31128811836243
1627625200.6586454,1627625264.7764893,64.11784386634827
1627625265.3229873,1627625329.4126143,64.0896270275116

,Avg.,63.47109293937683
,Std. Dev.,0.6362613653882498
