start_time,end_time,time_taken
1628007231.6742723,1628007237.9577546,6.283482313156128

,Avg.,6.283482313156128
,Std. Dev.,nan
