start_time,end_time,time_taken
1630217968.0450797,1630217984.90591,16.860830307006836
1630217985.7689629,1630218000.9807236,15.211760759353638
1630218001.813754,1630218018.4658754,16.6521213054657

,Avg.,16.241570790608723
,Std. Dev.,0.8979261590945415
