start_time,end_time,time_taken
1629918642.795331,1629918654.5835106,11.788179636001587
1629918655.3929672,1629918667.8037152,12.41074800491333
1629918668.6097157,1629918680.660176,12.05046033859253

,Avg.,12.083129326502482
,Std. Dev.,0.3125672576752914
