start_time,end_time,time_taken
1628495025.4004276,1628497495.314362,2469.913934469223
1628497496.5761454,1628499991.9490476,2495.3729021549225

,Avg.,2482.6434183120728
,Std. Dev.,18.002208692567276
