start_time,end_time,time_taken
1628178798.0029383,1628178798.188476,0.18553781509399414
1628178800.4602115,1628178800.656052,0.19584059715270996
1628178802.8876193,1628178803.0812957,0.19367647171020508

,Avg.,0.19168496131896964
,Std. Dev.,0.0054324409583673995
