start_time,end_time,time_taken
1630216962.2686038,1630216963.2997472,1.0311434268951416
1630216964.7057707,1630216965.7374532,1.0316824913024902
1630216967.1377895,1630216968.1173782,0.9795887470245361

,Avg.,1.0141382217407227
,Std. Dev.,0.02992193676856714
