start_time,end_time,time_taken
1627627092.2403674,1627627093.4398773,1.199509859085083
1627627093.440878,1627627094.8064878,1.365609884262085
1627627094.8084881,1627627096.0166914,1.2082033157348633
1627627096.0176926,1627627097.2586699,1.2409772872924805
1627627097.2594802,1627627098.52753,1.268049716949463

,Avg.,1.256470012664795
,Std. Dev.,0.06682020426376574
