start_time,end_time,time_taken
1627135279.7874207,1627135280.8599186,1.072497844696045
1627135281.4149592,1627135282.4723828,1.0574235916137695
1627135283.012985,1627135284.0672266,1.05424165725708
1627135284.6184769,1627135285.6600292,1.0415523052215576
1627135286.20719,1627135287.2664077,1.0592176914215088

,Avg.,1.0569866180419922
,Std. Dev.,0.011085120754758962
