start_time,end_time,time_taken
1628064857.825936,1628064859.2138038,1.3878676891326904
1628064860.4978843,1628064861.863206,1.3653216361999512
1628064863.1326127,1628064864.4851778,1.352565050125122

,Avg.,1.3685847918192546
,Std. Dev.,0.017876107480979054
