start_time,end_time,time_taken
1629923415.6808407,1629923416.9569206,1.2760798931121826
1629923418.2658248,1629923419.5881097,1.3222849369049072
1629923420.9144328,1629923422.1801226,1.2656898498535156

,Avg.,1.2880182266235352
,Std. Dev.,0.03012712772336355
