start_time,end_time,time_taken
1628590691.0034442,1628590706.2763898,15.272945642471313
1628590707.5378819,1628590723.1029806,15.565098762512207

,Avg.,15.41902220249176
,Std. Dev.,0.20658345232572578
