start_time,end_time,time_taken
1628351132.337616,1628351134.768339,2.430722951889038
1628351136.1600647,1628351138.5581706,2.3981058597564697

,Avg.,2.414414405822754
,Std. Dev.,0.023063767029525475
