start_time,end_time,time_taken
1628006105.708562,1628006106.0990856,0.39052367210388184

,Avg.,0.3905236721038818
,Std. Dev.,nan
