start_time,end_time,time_taken
1628334434.6003644,1628336715.2226427,2280.622278213501
1628336716.6343179,1628339029.2881787,2312.653860807419

,Avg.,2296.63806951046
,Std. Dev.,22.64974926429629
