start_time,end_time,time_taken
1627280823.4407413,1627283748.754931,2925.31418967247
1627283749.3089345,1627286662.2706623,2912.9617278575897

,Avg.,2919.13795876503
,Std. Dev.,8.734509513649797
