start_time,end_time,time_taken
1628177026.7259934,1628177027.22298,0.49698662757873535
1628177029.4444585,1628177029.9283483,0.4838898181915283
1628177032.1715589,1628177032.684952,0.5133931636810303

,Avg.,0.49808986981709796
,Std. Dev.,0.014782581180078445
