start_time,end_time,time_taken
1630216108.4240215,1630216109.7244935,1.3004720211029053
1630216111.0946484,1630216112.358976,1.2643275260925293
1630216113.7055721,1630216114.979125,1.2735528945922852

,Avg.,1.27945081392924
,Std. Dev.,0.01878018155577022
