start_time,end_time,time_taken
1628067638.9650934,1628067639.4159148,0.4508213996887207
1628067640.263434,1628067640.591202,0.32776808738708496
1628067641.5542166,1628067641.9099417,0.3557250499725342

,Avg.,0.37810484568277997
,Std. Dev.,0.0645071380478566
