start_time,end_time,time_taken
1627307147.0182443,1627307147.4265172,0.40827298164367676
1627307147.427519,1627307147.743388,0.3158688545227051
1627307147.7443874,1627307148.0708766,0.3264892101287842

,Avg.,0.35021034876505536
,Std. Dev.,0.05056332654106203
