start_time,end_time,time_taken
1630217588.2640727,1630217589.0531025,0.7890298366546631
1630217589.9587672,1630217590.7492037,0.7904365062713623
1630217591.598588,1630217592.3990839,0.8004958629608154

,Avg.,0.7933207352956136
,Std. Dev.,0.0062535208172352485
