start_time,end_time,time_taken
1630162105.604416,1630162107.8427832,2.2383673191070557
1630162109.186726,1630162111.3208373,2.134111166000366
1630162112.7268927,1630162114.9779823,2.251089572906494

,Avg.,2.207856019337972
,Std. Dev.,0.06418092770265234
