start_time,end_time,time_taken
1628179661.9933903,1628179663.4577184,1.4643280506134033
1628179665.7276638,1628179667.1837513,1.456087589263916
1628179669.4729805,1628179670.8815703,1.4085898399353027

,Avg.,1.4430018266042073
,Std. Dev.,0.030085127898826454
