start_time,end_time,time_taken
1628600209.1447432,1628601581.4746168,1372.3298735618591
1628601582.755888,1628602929.5303588,1346.7744708061218

,Avg.,1359.5521721839905
,Std. Dev.,18.070398584535234
