start_time,end_time,time_taken
1627134503.8066533,1627134504.8436193,1.03696608543396
1627134505.3816855,1627134506.4486477,1.0669622421264648
1627134506.9958754,1627134508.1211882,1.1253128051757812
1627134508.667201,1627134509.7775834,1.110382318496704
1627134510.3181305,1627134511.445996,1.1278655529022217

,Avg.,1.0934978008270264
,Std. Dev.,0.03993242586603226
