start_time,end_time,time_taken
1627232564.998518,1627232566.8825583,1.884040355682373
1627232567.385128,1627232569.1061404,1.7210123538970947
1627232569.6122153,1627232571.3997447,1.787529468536377

,Avg.,1.7975273927052815
,Std. Dev.,0.08197256374721089
