start_time,end_time,time_taken
1628585358.463788,1628585359.723055,1.2592668533325195
1628585360.991702,1628585362.163698,1.1719958782196045

,Avg.,1.215631365776062
,Std. Dev.,0.06170989830310465
