start_time,end_time,time_taken
1628351125.7874622,1628351127.7956283,2.0081660747528076
1628351129.0754793,1628351131.0137186,1.938239336013794

,Avg.,1.973202705383301
,Std. Dev.,0.049445671148616935
