start_time,end_time,time_taken
1630217593.2783191,1630217594.0967104,0.8183913230895996
1630217594.947304,1630217595.7417915,0.794487476348877
1630217596.609856,1630217597.4093678,0.7995119094848633

,Avg.,0.8041302363077799
,Std. Dev.,0.012603379675049186
