start_time,end_time,time_taken
1628178112.2579331,1628178112.4190693,0.16113615036010742
1628178113.8838353,1628178114.024069,0.14023375511169434
1628178115.578215,1628178115.7229226,0.14470767974853516

,Avg.,0.14869252840677893
,Std. Dev.,0.011006216239110118
