start_time,end_time,time_taken
1628340461.5878606,1628340480.2847235,18.696862936019897
1628340481.6039755,1628340498.7143717,17.110396146774292

,Avg.,17.903629541397095
,Std. Dev.,1.121801424802817
