start_time,end_time,time_taken
1628243934.101298,1628243937.2387886,3.1374905109405518
1628243938.7093897,1628243941.8252218,3.1158320903778076
1628243943.2329774,1628243946.3535657,3.1205883026123047

,Avg.,3.124636967976888
,Std. Dev.,0.011382687017745804
