start_time,end_time,time_taken
1627989952.8682678,1627989953.2722628,0.4039950370788574

,Avg.,0.4039950370788574
,Std. Dev.,nan
