start_time,end_time,time_taken
1627984259.2111738,1627984270.070486,10.859312295913696

,Avg.,10.859312295913696
,Std. Dev.,nan
