start_time,end_time,time_taken
1627983751.5741327,1627983764.0801284,12.505995750427246

,Avg.,12.505995750427246
,Std. Dev.,nan
