start_time,end_time,time_taken
1630216733.4710646,1630216769.2439299,35.772865295410156
1630216770.6622052,1630216806.293793,35.631587743759155
1630216807.7181652,1630216842.9447052,35.226540088653564

,Avg.,35.543664375940956
,Std. Dev.,0.2835766154688716
