start_time,end_time,time_taken
1628178295.3336022,1628178332.3731894,37.0395872592926
1628178334.747209,1628178372.083815,37.3366060256958
1628178374.3719482,1628178410.203925,35.831976652145386

,Avg.,36.736056645711265
,Std. Dev.,0.7969162521705007
