start_time,end_time,time_taken
1628360822.4460707,1628360938.0355098,115.58943915367126
1628360939.2853968,1628361052.171904,112.88650727272034

,Avg.,114.2379732131958
,Std. Dev.,1.911261462105711
