start_time,end_time,time_taken
1628415605.0600657,1628415610.0683684,5.008302688598633
1628415611.3704689,1628415616.3552036,4.984734773635864

,Avg.,4.9965187311172485
,Std. Dev.,0.016665032488601544
