start_time,end_time,time_taken
1627155743.567265,1627155777.3530526,33.78578758239746
1627155777.354052,1627155810.0980823,32.744030237197876
1627155810.1010826,1627155841.8856792,31.78459668159485
1627155841.88668,1627155875.419794,33.533114194869995
1627155875.4207947,1627155908.1443622,32.723567485809326

,Avg.,32.9142192363739
,Std. Dev.,0.7880389985815345
