start_time,end_time,time_taken
1629970612.57402,1629970614.2180016,1.643981695175171
1629970615.042004,1629970616.7019558,1.6599516868591309
