start_time,end_time,time_taken
1628415711.0374818,1628415763.042206,52.0047242641449
1628415764.4675076,1628415816.0134435,51.54593586921692

,Avg.,51.77533006668091
,Std. Dev.,0.32441238518326543
