start_time,end_time,time_taken
1628064896.647073,1628064907.0544088,10.407335758209229
1628064908.4284832,1628064918.847247,10.418763637542725
1628064920.207998,1628064930.5770967,10.369098663330078

,Avg.,10.398399353027344
,Std. Dev.,0.026010515547886064
