start_time,end_time,time_taken
1628065068.5486197,1628065103.2320843,34.68346452713013
1628065104.0380836,1628065139.0640144,35.025930881500244
1628065139.8946183,1628065174.764032,34.86941361427307

,Avg.,34.85960300763448
,Std. Dev.,0.1714438303668363
