start_time,end_time,time_taken
1629923620.5704737,1629923654.5173764,33.94690275192261
1629923655.3740027,1629923690.10071,34.726707220077515
1629923690.9227202,1629923725.0605829,34.13786268234253

,Avg.,34.270490884780884
,Std. Dev.,0.4064682425480634
