start_time,end_time,time_taken
1628233666.534458,1628233668.1236424,1.5891845226287842
1628233669.523245,1628233671.0942442,1.5709991455078125
1628233672.393993,1628233673.9791968,1.5852038860321045

,Avg.,1.5817958513895671
,Std. Dev.,0.009559707649899211
