start_time,end_time,time_taken
1628510172.642893,1628510189.8609443,17.218051195144653
1628510191.1145148,1628510208.0315833,16.917068481445312

,Avg.,17.067559838294983
,Std. Dev.,0.21282691787673308
