start_time,end_time,time_taken
1627134988.336291,1627134997.990752,9.654460906982422
1627134997.9917529,1627135007.7482908,9.756537914276123
1627135007.751291,1627135018.3723853,10.621094226837158
1627135018.372966,1627135028.7125347,10.339568614959717
1627135028.7132454,1627135037.8877192,9.174473762512207

,Avg.,9.909227085113525
,Std. Dev.,0.5744629868974048
