start_time,end_time,time_taken
1627131983.865713,1627131985.0687902,1.2030773162841797
1627131985.0697904,1627131986.2868245,1.217034101486206
1627131986.2878225,1627131987.6048932,1.317070722579956
1627131987.605893,1627131988.7549434,1.1490504741668701
1627131988.755943,1627131989.9462168,1.1902737617492676

,Avg.,1.215301275253296
,Std. Dev.,0.06229966562027733
