start_time,end_time,time_taken
1627990569.8247209,1627990572.2770638,2.452342987060547

,Avg.,2.452342987060547
,Std. Dev.,nan
