start_time,end_time,time_taken
1628179729.3922794,1628179742.2641368,12.871857404708862
1628179744.4753487,1628179757.3122678,12.836919069290161
1628179759.624478,1628179772.6877544,13.063276290893555

,Avg.,12.924017588297525
,Std. Dev.,0.12186021297784067
