start_time,end_time,time_taken
1627134980.313114,1627134980.7349393,0.4218254089355469
1627134980.7359405,1627134981.1779861,0.4420456886291504
1627134981.1799867,1627134981.5707424,0.39075565338134766
1627134981.5707424,1627134981.943004,0.37226152420043945
1627134981.9440024,1627134982.3676686,0.42366623878479004

,Avg.,0.4101109027862549
,Std. Dev.,0.02805355803657146
