start_time,end_time,time_taken
1627135893.6407368,1627135894.7591422,1.1184053421020508
1627135894.7591422,1627135895.910834,1.1516919136047363
1627135895.9118326,1627135897.0688255,1.1569929122924805
1627135897.0688255,1627135898.0002832,0.9314577579498291
1627135898.0012836,1627135898.952624,0.9513404369354248

,Avg.,1.0619776725769043
,Std. Dev.,0.1112841731043713
