start_time,end_time,time_taken
1628349189.8746305,1628349199.881521,10.006890535354614
1628349200.7165518,1628349210.6004953,9.883943557739258
1628349211.4104924,1628349221.5404947,10.13000226020813

,Avg.,10.006945451100668
,Std. Dev.,0.12302936042656891
