start_time,end_time,time_taken
1627983565.5375655,1627983565.8743255,0.3367600440979004

,Avg.,0.3367600440979004
,Std. Dev.,nan
