start_time,end_time,time_taken
1627224564.0739512,1627224588.5376854,24.46373414993286
1627224589.0470805,1627224612.19573,23.14864945411682
1627224612.6985843,1627224636.4744077,23.77582335472107
1627224636.9784088,1627224659.6481583,22.66974949836731
1627224660.1551745,1627224682.878565,22.723390579223633

,Avg.,23.35626940727234
,Std. Dev.,0.761159462977292
