start_time,end_time,time_taken
1628329576.1762633,1628329599.128575,22.952311754226685
1628329600.443216,1628329622.1401472,21.69693112373352

,Avg.,22.324621438980103
,Std. Dev.,0.8876881567919598
