start_time,end_time,time_taken
1628179684.1607575,1628179697.042221,12.881463527679443
1628179699.255272,1628179712.0611963,12.805924415588379
1628179714.2444746,1628179727.09703,12.852555274963379

,Avg.,12.8466477394104
,Std. Dev.,0.03811448013693505
