start_time,end_time,time_taken
1628006121.3801925,1628006122.2925496,0.9123570919036865

,Avg.,0.9123570919036864
,Std. Dev.,nan
