start_time,end_time,time_taken
1626361131.2777576,1626361131.7509458,0.4731881618499756
1626361131.760946,1626361132.2000759,0.4391298294067383
1626361132.2080767,1626361132.660078,0.45200133323669434
1626361132.6700788,1626361133.0851645,0.4150857925415039
1626361133.0931652,1626361133.5444322,0.4512670040130615
