start_time,end_time,time_taken
1628007947.109144,1628008025.324484,78.21534013748169

,Avg.,78.21534013748169
,Std. Dev.,nan
