start_time,end_time,time_taken
1630217028.6673417,1630217064.3473399,35.67999815940857
1630217065.7774897,1630217102.071612,36.29412221908569
1630217103.4971206,1630217139.6234086,36.12628793716431

,Avg.,36.033469438552856
,Std. Dev.,0.3174091136560839
