start_time,end_time,time_taken
1628178865.9948559,1628178903.1821094,37.18725347518921
1628178905.457299,1628178943.0097828,37.552483797073364
1628178945.2422538,1628178982.4743354,37.23208165168762

,Avg.,37.323939641316734
,Std. Dev.,0.19919014709549646
