start_time,end_time,time_taken
1628585875.5880542,1628586667.3973324,791.8092782497406
1628586668.7075968,1628587459.2061427,790.4985458850861

,Avg.,791.1539120674133
,Std. Dev.,0.9268277433679045
