start_time,end_time,time_taken
1627120698.1265767,1627120699.2599204,1.1333436965942383
1627120699.2629228,1627120700.4153411,1.1524183750152588
1627120700.4173431,1627120701.6014884,1.184145212173462
1627120701.6034884,1627120702.8029895,1.1995010375976562
1627120702.8039742,1627120704.015598,1.2116239070892334

,Avg.,1.1762064456939698
,Std. Dev.,0.032646386338544636
