start_time,end_time,time_taken
1628361414.6426654,1628362537.6691291,1123.0264637470245
1628362538.967615,1628363669.763705,1130.7960901260376

,Avg.,1126.911276936531
,Std. Dev.,5.4939554998861775
