start_time,end_time,time_taken
1630217608.5178392,1630217609.7554986,1.2376594543457031
1630217610.56166,1630217611.7553353,1.1936752796173096
1630217612.6456468,1630217613.8845253,1.2388784885406494

,Avg.,1.2234044075012207
,Std. Dev.,0.025753393847133408
