start_time,end_time,time_taken
1628178127.479911,1628178128.0032556,0.5233445167541504
1628178129.6440244,1628178130.1851063,0.5410819053649902
1628178131.7460158,1628178132.2881029,0.5420870780944824

,Avg.,0.5355045000712076
,Std. Dev.,0.010542840639854254
