start_time,end_time,time_taken
1628280924.7338963,1628280928.013544,3.2796478271484375
1628280929.4897082,1628280932.8321543,3.3424460887908936
1628280934.3144202,1628280937.5654147,3.2509944438934326

,Avg.,3.291029453277588
,Std. Dev.,0.046776135994977694
