start_time,end_time,time_taken
1628177968.1306107,1628177972.1072886,3.976677894592285
1628177973.64032,1628177977.8011706,4.160850524902344
1628177979.3067853,1628177983.4761481,4.169362783432007

,Avg.,4.102297067642212
,Std. Dev.,0.10887261875526619
