start_time,end_time,time_taken
1630217531.6225805,1630217536.7194927,5.096912145614624
1630217537.6095572,1630217542.7827923,5.173235177993774
1630217543.730852,1630217548.823613,5.092761039733887

,Avg.,5.120969454447429
,Std. Dev.,0.045311006536773994
