start_time,end_time,time_taken
1627134550.854232,1627134619.5380278,68.6837956905365
1627134620.0930965,1627134688.3566034,68.26350688934326
1627134688.90551,1627134757.5798657,68.67435574531555
1627134758.1345258,1627134826.6182985,68.48377275466919
1627134827.1648078,1627134895.7261312,68.56132340431213

,Avg.,68.53335089683533
,Std. Dev.,0.17217160406211218
