start_time,end_time,time_taken
1626426658.232013,1626426658.6347868,0.4027738571166992
1626426658.6395967,1626426659.0422359,0.40263915061950684
1626426659.046237,1626426659.4744737,0.428236722946167
1626426659.4804738,1626426659.8946035,0.41412973403930664
1626426659.8976035,1626426660.2990901,0.4014866352081299

,Avg.,0.4098532199859619
,Std. Dev.,0.011493494571274828
