start_time,end_time,time_taken
1626426257.5217865,1626426257.7505162,0.2287297248840332
1626426257.7515175,1626426257.9819467,0.23042917251586914
1626426257.9829464,1626426258.2023234,0.2193770408630371
1626426258.2033288,1626426258.4223678,0.2190389633178711
1626426258.4233694,1626426258.6461396,0.22277021408081055

,Avg.,0.2240690231323242
,Std. Dev.,0.005272019188697167
