start_time,end_time,time_taken
1628064865.826778,1628064867.2256095,1.3988316059112549
1628064868.5606992,1628064869.9171317,1.3564324378967285
1628064871.236281,1628064872.6021836,1.3659026622772217

,Avg.,1.373722235361735
,Std. Dev.,0.022254924275293478
