start_time,end_time,time_taken
1628587460.7843533,1628588892.2277935,1431.4434401988983
1628588893.491832,1628590368.524281,1475.0324490070343

,Avg.,1453.2379446029663
,Std. Dev.,30.822083713433106
