start_time,end_time,time_taken
1627319188.7316344,1627319224.9452894,36.2136549949646
1627319225.511681,1627319261.0946724,35.58299136161804
1627319261.6710882,1627319299.38624,37.7151517868042

,Avg.,36.50393271446228
,Std. Dev.,1.0953186228262917
