start_time,end_time,time_taken
1627642777.2035532,1627642777.3486166,0.1450634002685547
1627642778.047293,1627642778.19185,0.14455699920654297
1627642778.86851,1627642779.0105157,0.14200568199157715

,Avg.,0.14387536048889157
,Std. Dev.,0.0016388666118362834
