start_time,end_time,time_taken
1628064853.1362858,1628064853.8957796,0.7594938278198242
1628064854.697372,1628064855.4402952,0.7429232597351074
1628064856.2522988,1628064857.0043385,0.7520396709442139

,Avg.,0.7514855861663818
,Std. Dev.,0.008299167977473862
