start_time,end_time,time_taken
1627302494.8895497,1627303969.6397233,1474.7501735687256
1627303970.1868052,1627305460.80144,1490.6146347522736
1627305461.350932,1627306943.17553,1481.8245980739594

,Avg.,1482.3964687983196
,Std. Dev.,7.9476763431276085
