start_time,end_time,time_taken
1627301400.973572,1627301402.6742148,1.7006428241729736
1627301402.675215,1627301404.3286119,1.6533968448638916

,Avg.,1.6770198345184326
,Std. Dev.,0.03340795235325122
